1,Gustavo
2,Catherine
3,Kim
4,Humberto
5,Pilar
6,Frances
7,Margaret
8,Carla
9,Jay
10,Ronald
11,Samuel
12,James
13,Robert
14,Fran?ois
15,Lili
16,Amy
17,Anna
18,Milton
19,Paul
20,Gregory
21,J. Phillip
22,Michelle
23,Sean
24,Phyllis
25,Marvin
26,Michael
27,Cecil
28,Oscar
29,Sandra
30,Selena
31,Emilio
32,Maxwell
33,Mae
34,Ramona
35,Sabria
36,Hannah
37,Kyley
38,Tom
39,Thomas
40,John
41,Chris
42,Teresa
43,Stephen
44,Phillip
45,Daniel
46,Cory
47,Douglas
48,Jennifer
49,Alberto
50,Wayne
51,Darrell
52,Angela
53,David
54,Rebecca
55,Brenda
56,Josh
57,Adam
58,Norma
59,Gytis
60,Karel
61,Ciro
62,Glenna
63,Shaun
64,Christopher
65,Bradley
66,Benjamin
67,Ann
68,Shane
69,Stanley
70,Mason
71,Ido
72,Edna
73,Payton
74,Max
75,Scot
76,Richard
77,Marian
78,Karen
79,Alexander
80,Kris
81,Andreas
82,Matthias
83,Steven
84,Mary
85,Jimmy
86,Jackie
87,Donald
88,Linda
89,Gabriel
90,Corinna
91,Luis
92,Randall
93,Stephanie
94,Eli
95,Lester
96,Cornelius
97,Sara
98,Ted
99,Alan
100,Walter
101,Carol
102,Willie
103,Carolee
104,Jo
105,Kevin
106,Dave
107,Bridget
108,Eric
109,Dick
110,Shirley
111,June
112,Dirk
113,Nancy
114,Janaina Barreiro Gambaro
115,Edward
116,Megan
117,Ingrid
118,Karren
119,Ovidiu
120,Dana
121,Timothy
122,Deanna
123,Jared
124,Ryan
125,Sylvia
126,Mari
127,Barbara
128,Lindsey
129,DeeDee
130,Deborah
131,Joan
132,Henry
133,Joseph
134,Suzana De Abreu
135,Jun
136,Johnny
137,Carlton
138,Ty Loren
139,Jane
140,Jovita
141,Steve
142,Fernando
143,Rob
144,Andy
145,Donna
146,Rosmarie
147,Matthew
148,Pamela
149,Raul
150,Elizabeth
151,Brigid
152,Andrew
153,Stacey
154,Baris
155,Pat
156,Forrest
157,Lee
158,Greg
159,Neil
160,Hao
161,Pei
162,Yao-Qiang
163,Nicky
164,Susan
165,Martin
166,Mike
167,Ruth
168,Anthony
169,Charles
170,Jill
171,Alice
172,Gina
173,Kristine
174,Teanna
175,Connie
176,Jeanette
177,Takiko
178,Scott
179,Aaron
180,Peter
181,William
182,Dorothy
183,Patrick
184,Eva
185,Marlin
186,Bruno
187,Jack
188,Sharon
189,Shelley
190,Grant
191,Conor
192,Jose
193,Thierry
194,Alvaro
195,Jacob
196,Kirk
197,Aidan
198,Stefan
199,Shawn
200,Della
201,Helen
202,Prashanth
203,Bev
204,Gabriele
205,Holly
206,Rudolph
207,Blaine
208,Cindy
209,Patricia
210,Gerald
211,Gary
212,Reuben
213,Ed
214,Bernard
215,Tish
216,Adrian
217,Bart
218,Maciej
219,Shannon
220,Jauna
221,Terry
222,Gail
223,Mark
224,Martha
225,Julie
226,Janeth
227,Twanna
228,Marc
229,Fadi
230,Carolyn
231,Geri
232,Hanying
233,Rhoda
234,Duane
235,Kathie
236,Kelly
237,Jeffrey
238,Garth
239,Judith
240,Liam
241,Mihail
242,Don
243,Bob
244,Aldeen
245,Jon
246,Kathleen
247,Dominic
248,Janet
249,Orlando
250,Darren
251,Jim
252,Leo
253,Cornett
254,Guy
255,Jeanie
256,Diane
257,Mete
258,Jossef
259,Brian
260,Lynn
261,Abigail
262,Derek
263,Lowell
264,Geoff
265,Faith
266,Hattie
267,Erin
268,Betty
269,Bryan
270,Kerim
271,Jean
272,Katherine
273,Kimberly
274,Lucy
275,Keith
276,Doris
277,Roger
278,Neal
279,Jeff
280,Valerie
281,Kari
282,Deena
283,Irene
284,J?sus
285,Pam
286,Cheryl
287,Sidney
288,Onetha
289,Fran
290,Geneva
291,Reinout
292,Rose
293,Helge
294,Eddie
295,Juanita
296,Curtis
297,Joe
298,Janice
299,George
300,Joshua
301,Arlene
302,Lawrence
303,Beth
304,Lucio
305,Erik
306,Denean
307,Raman
308,Bronson
309,Jodan
310,Vance
311,Joyce
312,Danielle
313,Barry
314,Willis
315,Tamara
316,Brannon
317,Peggy
318,Wendy
319,Sandeep
320,Lori
321,Kay
322,Bonnie
323,Kendall
324,Victor
325,Tammy
326,Imtiaz
327,Karan
328,Tim
329,Russell
330,Anton
331,Christian
332,Reed
333,Eugene
334,Joy
335,Pamala
336,Mitch
337,Deepak
338,Vamsi
339,Cecilia
340,Elsa
341,Marjorie
342,Frank
343,Robertson
344,Jolie
345,A.
346,Gloria
347,Judy
348,Elsie
349,Yale
350,Yan
351,Yuhong
352,Paulo
353,Jinghao
354,Run
355,Todd
356,Kok-Ho
357,Jeremy
358,Spencer
359,Anita
360,Jenny
361,Denise
362,Ajay
363,Parul
364,Tomas
365,Kathy
366,Melissa
367,Cecelia
368,Mindy
369,Robin
370,Stacie
371,Katie
372,Lola
373,Nikki
374,Christinia
375,Alejandro
376,Yvonne
377,Nkenge
378,Nellie
379,Raquel
380,Gladys
381,R. Morgan
382,Tosh
383,Ramesh
384,Jan
385,Virginia
386,Emilo
387,Ben
388,Dylan
389,Neva
390,Paula
391,Suchitra
392,Jonathan
393,Hillaine
394,Bobby
395,Julia
396,Marie
397,Zheng
398,Salman
399,Albert
400,Stuart
401,Billie Jo
402,Ken
403,Suzanne
404,Mandar
405,Lorraine
406,Alex
407,Amir
408,Donals
409,Toby
410,Laura
411,Fred
412,Tina
413,Nino
414,Tad
415,Michiko
416,Stu
417,Jyothi
418,Cristian
419,Mosha
420,Rajesh
421,Shyamalan
422,Trish
423,Lionel
424,Glin
425,Grigory
426,Carole
427,Alma
428,Ethel
429,Constance
430,Monica
431,Mary Lou
432,Cynthia
433,Arvind
434,Simon
435,Suzann
436,Jamie
437,Celine
438,Randy
439,Enoch
440,Stacy
441,Leota
442,Carol Ann
443,Pablo
444,Luke
445,Lisa
446,Pearlie
447,Andrea
448,Justine
449,Lane
450,Irving
451,Raymond
452,Madalena
453,Mikael
454,Jos?
455,Lloyd
456,Vadim
457,K.
458,Birgit
459,Irma
460,Misty
461,Carlos
462,Shish
463,Britta
464,Marty
465,Anne
466,Mircea
467,Anders
468,Dianne
469,Lanna
470,Cathy
471,Leonard
472,Rolando
473,Samantha
474,Lorrin
475,Victoria
476,Lolan
477,Anibal
478,Phil
479,Geraldine
480,Kristin
481,Mahesh
482,Sethu
483,Annik
484,Carina
485,Merrill
486,Shanay
487,Heidi
488,Stefano
489,Derik
490,Vassar
491,Wathalee
492,Liza Marie
493,Louis
494,Kayla
495,Ruby Sue
496,Min
497,Marcia
498,Nate
499,Krishna
500,Brad
501,Abraham
502,Manoj
503,Shelly
504,Clarence
505,Damon
506,Denis
507,Chad
508,Sameer
509,Vanessa
510,Ram
511,Kendra
512,Rossane
513,Yuping
514,Tony
515,Dragan
516,Delia
517,Alvin
518,Glenn
519,Abe
520,Olga
521,Billy
522,Michael John
523,Christie
524,Gracia
525,Sairaj
526,Sunil
527,Rachel
528,Esther
529,H.
530,Jessie
531,Johnathan
532,Mandy
533,Kara
534,Nieves
535,Ranjit
536,Raja
537,Dora
538,Wanda
539,Caroline
540,Homer
541,Filomena
542,Florence
543,Florian
544,Rohinton
545,Deb
546,Silvia
547,Hazel
548,Joanna
549,Jian
550,Qiang
551,Clay
552,Becky
553,Jason
554,Francis
555,Ole
556,Alexandra
557,Nigel
558,Kerry
559,Sam
560,Vivian
561,Vincent
562,Dan
563,Charlene
564,Audrey
565,Eunice
566,Sheela
567,Michiel
568,Peng
569,Lenore
570,Arthur
571,Tai
572,Garrett
573,Wei
574,Ian
575,Larry
576,Arvid
577,Karin
578,Cathan
579,Terri
580,Roberto
581,Syed
582,Jillian
583,Shu
584,Tsvi
585,Jae
586,Tete
587,Wanida
588,Sariya
589,Annette
590,Gordon
591,Fukiko
592,Gigi
593,Taylor
594,JoLynn
595,Ebru
596,Betsy
597,Hung-Fu
598,Olinda
599,Sylvester
600,Prasanna
601,Ivo
602,Terrence
603,Stefen
604,Nitin
605,Jian Shuo
606,Rostislav
607,Bjorn
608,Merav
609,Tawana
610,Shammi
611,Gabe
612,Nicole
613,Belinda
614,Kitti
615,Suroor
616,Mindaugas
617,Nuan
618,Houman
619,Pete
620,Margie
621,Brandon
622,A. Scott
623,Vidur
624,Candy
625,Ashvini
626,Janaina
627,Tengiz
628,Zainal
629,Hazem
630,Sootha
631,Magnus
632,Luca
633,Beverly
634,Molly
635,Lawrie
636,Colin
637,Clair
638,Maria
639,Balaganesan
640,Alexandre
641,Craig
642,Alfredo
643,Debra
644,Arno
645,Tracy
646,Ciam
647,Michal
648,Bridgette
649,Kenneth
650,Euan
651,Adina
652,Darin
653,Yoichiro
654,Anav
655,Waleed
656,Manish
657,Dawn
658,Shay
659,Claire
660,Sue
661,Warren
662,Kelvin
663,Crystal
664,Isabella
665,Erica
666,Kristen
667,Dustin
668,Heather
669,Tiffany
670,Pieter
671,Natalie
672,Marcel
673,Sydney
674,Jarred
675,Jaime
676,Juan
677,Josue
678,Harold
679,Muniraju
680,Jarrod
681,Erick
682,Amanda
683,Summer
684,Evelyn
685,Cedric
686,Adriana
687,Hailey
688,Kaitlin
689,Mar?a
690,Gabrielle
691,Toni
692,Haley
693,Mayra
694,Lydia
695,Jessica
696,Abby
697,Karla
698,Shawna
699,Yolanda
700,Lauren
701,Wyatt
702,Cesar
703,C?sar
704,Marco
705,Bryant
706,Preston
707,Jeremiah
708,Miguel
709,Clifford
710,Kurt
711,Blake
712,Tommy
713,Lucas
714,Seth
715,Devon
716,Melvin
717,Xavier
718,Bharat
719,Osarumwense
720,Nina
721,Dalton
722,Ni?ia
723,Carly
724,Kate
725,Marcus
726,Jodi
727,Trisha
728,Bianca
729,Jackson
730,Cara
731,Norimichi
732,Devin
733,Rosa
734,Eduardo
735,Andres
736,Kern
737,Ralph
738,Andr?s
739,Karl
740,Jordan
741,Nicolas
742,Dale
743,Damien
744,Micah
745,Elijah
746,Jake
747,Caleb
748,Ronnie
749,Connor
750,Darryl
751,Kyle
752,Aimee
753,Daisuke
754,Claudia
755,Daisy
756,Autumn
757,Logan
758,Nathan
759,Mallory
760,Hunter
761,Noah
762,Latasha
763,Austin
764,Cameron
765,Jacquelyn
766,Ramon
767,Ram?n
768,Ernest
769,Zachary
770,Ethan
771,Reginald
772,Justin
773,Hany
774,Theodore
775,Mya
776,Tyrone
777,Cassidy
778,Jordyn
779,Armando
780,Julio
781,Marissa
782,Alexia
783,Adrienne
784,Angelica
785,Brittany
786,Carmen
787,Meagan
788,Jocelyn
789,Miranda
790,Stefanie
791,Riley
792,Ana
793,Dominique
794,Isabel
795,Isabelle
796,Franklin
797,Melanie
798,Alexandria
799,Regina
800,Arianna
801,Jerome
802,Jacqueline
803,Paige
804,Ashlee
805,Sergio
806,Frederick
807,Zoe
808,Alexa
809,Christina
810,Ariana
811,Caitlin
812,Brooke
813,Makayla
814,Shelby
815,Trinity
816,Mariah
817,Levi
818,Bailey
819,Mackenzie
820,Jada
821,Katelyn
822,Savannah
823,Kaylee
824,Allison
825,Jade
826,Emmanuel
827,Gabriella
828,Jermaine
829,Terrance
830,Edgar
831,Ivan
832,Geoffrey
833,Michele
834,Tonya
835,Tasha
836,Gilbert
837,Sheena
838,Cristina
839,Mohamed
840,Priscilla
841,Cassie
842,Arif
843,Gretchen
844,Maurice
845,Calvin
846,Drew
847,Chloe
848,Kaitlyn
849,Morgan
850,Madeline
851,Sophia
852,Amber
853,Courtney
854,Jenna
855,Sierra
856,Brendan
857,Kristi
858,Ebony
859,Masaki
860,Arturo
861,Rebekah
862,Ruben
863,Tabitha
864,Meredith
865,Yiroyuki
866,Marshall
867,Bruce
868,Roy
869,Lacey
870,Grace
871,Christy
872,Jasmine
873,Destiny
874,Alyssa
875,Pedro
876,Brianna
877,Ross
878,Olivia
879,Emma
880,Sarah
881,Liz
882,Alisha
883,Alexis
884,Kelli
885,Rakesh
886,Abhijit
887,Julian
888,Petr
889,Juha-Pekka
890,Emily
891,Colleen
892,Madison
893,Ashley
894,Wilson
895,Clayton
896,Omar
897,Rafael
898,Francisco
899,Trevor
900,Robyn
901,Tristan
902,Jaclyn
903,Dakota
904,Edwin
905,Giorgio
906,Antonio
907,Carson
908,Gavin
909,Briana
910,Bego?a
911,Y.
912,Javier
913,Rodney
914,Monique
915,Desiree
916,Desir?e
917,Theresa
918,Elena
919,Bryce
920,Nathaniel
921,Chase
922,Sebastian
923,Tanya
924,Cole
925,Cody
926,Isaiah
927,Melinda
928,Evan
929,Isaac
930,Jesse
931,Angel
932,Sabrina
933,Krista
934,Masato
935,Felicia
936,Kristy
937,Dennis
938,Sheila
939,Giraldo
940,Jonathon
941,Mathew
942,Micheal
943,Clinton
944,Hector
945,Danny
946,Lance
947,Renee
948,Ren?e
949,Candace
950,Rodrigo
951,Rachael
952,Punya
953,Ricky
954,Troy
955,Kellie
956,Allen
957,Maurizio
958,Manuel
959,Shirleen
960,Andre
961,Kristopher
962,Ioannis
963,Bethany
964,Casey
965,Katrina
966,Latoya
967,Sriniwa
968,Kelsey
969,Nichole
970,Alison
971,Melody
972,Candice
973,Mario
974,Jerry
975,Carl
976,Ricardo
977,Mitchell
978,Naomi
979,Krystal
980,Leah
981,Brittney
982,Carrie
983,Gerrit
984,Brent
985,Jeffery
986,Wesley
987,Janelle
988,Jorge
989,Nicholas
990,Tyler
991,Brandi
992,Leslie
993,Diana
994,Erika
995,Natasha
996,Meghan
997,Brandy
998,Whitney
999,Tamer
1000,Chelsea
1001,Veronica
1002,Nelson
1003,Derrick
1004,Philip
1005,Brett
1006,Byron
1007,Cassandra
1008,Kristina
1009,Alicia
1010,Al?cia
1011,Lindsay
1012,Christine
1013,Kathryn
1014,Tara
1015,Joel
1016,Dwayne
1017,Corey
1018,April
