12:02	‡πÅ‡∏™‡∏á‡∏≠‡∏£‡∏∏‡∏ì	@‡∏ä‡∏∏‡∏ô  ‡∏Ç‡πâ‡∏≤‡∏ß‡∏ã‡πâ‡∏≠‡∏°‡∏°‡∏∑‡∏≠‡∏õ‡∏µ‡πÉ‡∏´‡∏°‡πà‡∏°‡∏µ‡∏°‡∏≤‡πÅ‡∏•‡πâ‡∏ß‡∏Ñ‡πà‡∏∞
12:16	‡∏≠‡∏≠‡∏¢	‡∏Ç‡∏≠‡∏≠‡∏ô‡∏∏‡∏ç‡∏≤‡∏ï‡πÄ‡∏ä‡∏¥‡∏ç‡∏õ‡πâ‡∏≤‡∏ï‡∏¥‡πã‡∏°‡πÄ‡∏Ç‡πâ‡∏≤‡∏Å‡∏•‡∏∏‡πà‡∏°‡∏ô‡∏∞‡∏Ñ‡∏∞
12:17	‡πÄ‡∏ö‡∏ç‡∏ç‡∏≤‡∏†‡∏≤ ‡∏õ‡∏£‡∏∞‡∏ó‡∏∏‡∏°‡∏ó‡∏≠‡∏á joined the chat.
12:18	‡πÄ‡∏ö‡∏ç‡∏ç‡∏≤‡∏†‡∏≤ ‡∏õ‡∏£‡∏∞‡∏ó‡∏∏‡∏°‡∏ó‡∏≠‡∏á	‡∏™‡∏ß‡∏±‡∏™‡∏î‡∏µ‡∏Ñ‡πà‡∏∞ ‡∏Å‡∏±‡∏•‡∏¢‡∏≤‡∏ì‡∏°‡∏¥‡∏ï‡∏£ ‡∏ó‡∏∏‡∏Å‡πÜ ‡∏ó‡πà‡∏≤‡∏ô
12:20	‡πÄ‡∏ö‡∏ç‡∏ç‡∏≤‡∏†‡∏≤ ‡∏õ‡∏£‡∏∞‡∏ó‡∏∏‡∏°‡∏ó‡∏≠‡∏á	‡∏à‡∏á‡πÄ‡∏ö‡∏¥‡∏Å‡∏ö‡∏≤‡∏ô ‡πÄ‡∏ö‡∏¥‡∏Å‡∏ö‡∏≤‡∏ô ‡πÅ‡∏•‡∏∞‡πÄ‡∏ö‡∏¥‡∏Å‡∏ö‡∏≤‡∏ô ‡∏à‡∏á‡πÄ‡∏ö‡∏¥‡∏Å‡∏ö‡∏≤‡∏ô ‡∏ï‡∏≤‡∏°‡∏≠‡∏°‡∏ï‡∏∞ ‡∏ò‡∏£‡∏£‡∏° ‡∏™‡∏≤‡∏ò‡∏∏
13:42	Nui (‡πÉ‡∏ô‡∏™‡∏≤‡∏¢‡∏ò‡∏£‡∏£‡∏°) joined the chat.
13:54	Juk joined the chat.
14:56	Chalor joined the chat.
16:02	Pa Chee joined the chat.
16:16	‡∏ì‡∏£‡∏á‡∏Ñ‡πå ‡∏®‡∏£‡∏µ‡πÄ‡∏°‡∏∑‡∏≠‡∏á joined the chat.
16:23	Pornpimon	‡∏™‡∏ß‡∏±‡∏™‡∏î‡∏µ‡∏Ñ‡πà‡∏∞ ‡∏Ç‡∏≠‡πÄ‡∏£‡∏µ‡∏¢‡∏ô‡∏ñ‡∏≤‡∏°‡∏õ‡∏±‡∏ç‡∏´‡∏≤‡∏ó‡πà‡∏≤‡∏ô‡∏ú‡∏π‡πâ‡∏£‡∏π‡πâ‡∏´‡∏ô‡πà‡∏≠‡∏¢‡∏ô‡∏∞‡∏Ñ‡∏∞ ‡∏Ñ‡∏∑‡∏≠‡πÄ‡∏û‡∏∑‡πà‡∏≠‡∏ô‡πÄ‡∏Ç‡∏≤‡πÄ‡∏õ‡πá‡∏ô‡πÇ‡∏£‡∏Ñ‡πÑ‡∏ï‡πÄ‡∏™‡∏∑‡πà‡∏≠‡∏°‡∏°‡∏µ‡∏Ñ‡πà‡∏≤GFR ‡∏õ‡∏£‡∏∞‡∏°‡∏≤‡∏ì 48 ‡πÄ‡∏Ç‡∏≤‡∏Å‡∏¥‡∏ô‡∏ô‡πâ‡∏≥‡∏ï‡πâ‡∏°‡∏≠‡πâ‡∏≠‡∏¢‡πÅ‡∏î‡∏á‡∏ï‡∏≤‡∏°‡∏Ñ‡∏•‡∏¥‡∏õ‡πÉ‡∏ô‡∏¢‡∏π‡∏ó‡∏π‡∏õ ‡πÉ‡∏ä‡πâ‡πÄ‡∏ß‡∏•‡∏≤ 1 ‡πÄ‡∏î‡∏∑‡∏≠‡∏ô ‡πÑ‡∏õ‡πÄ‡∏à‡∏≤‡∏∞‡πÄ‡∏•‡∏∑‡∏≠‡∏î‡∏ï‡∏£‡∏ß‡∏à‡∏î‡∏π‡∏û‡∏ö‡∏ß‡πà‡∏≤‡∏Ñ‡πà‡∏≤ GFR ‡πÄ‡∏õ‡πá‡∏ô 98 ‡πÑ‡∏ï‡∏´‡∏≤‡∏¢‡πÄ‡∏™‡∏∑‡πà‡∏≠‡∏°‡∏Å‡∏•‡∏±‡∏ö‡∏°‡∏≤‡πÄ‡∏õ‡πá‡∏ô‡∏õ‡∏Å‡∏ï‡∏¥‡πÄ‡∏•‡∏¢‡∏Ñ‡πà‡∏∞ ‡∏ô‡∏≠‡∏Å‡∏à‡∏≤‡∏Å‡∏ô‡∏µ‡πâ‡πÄ‡∏Ç‡∏≤‡πÄ‡∏≠‡∏≤‡∏≠‡πâ‡∏≠‡∏¢‡πÅ‡∏î‡∏á‡πÉ‡∏´‡πâ‡πÄ‡∏û‡∏∑‡πà‡∏≠‡∏ô‡∏≠‡∏µ‡∏Å‡∏Ñ‡∏ô‡∏ó‡∏µ‡∏µ‡πÄ‡∏õ‡πá‡∏ô‡πÄ‡∏ö‡∏≤‡∏´‡∏ß‡∏≤‡∏ô‡∏Å‡∏¥‡∏ô‡∏Å‡πá‡∏û‡∏ö‡∏ß‡πà‡∏≤‡∏Ñ‡πà‡∏≤‡∏ô‡πâ‡∏≥‡∏ï‡∏≤‡∏•‡πÉ‡∏ô‡πÄ‡∏•‡∏∑‡∏≠‡∏î‡∏•‡∏î‡∏•‡∏á ‡∏î‡∏¥‡∏â‡∏±‡∏ô‡∏Å‡πá‡πÄ‡∏•‡∏¢‡∏™‡∏á‡∏™‡∏±‡∏¢‡∏ß‡πà‡∏≤‡∏≠‡πâ‡∏≠‡∏¢‡πÅ‡∏î‡∏á‡∏à‡∏∞‡∏°‡∏µ‡∏ú‡∏•‡∏Ç‡πâ‡∏≤‡∏á‡πÄ‡∏Ñ‡∏µ‡∏¢‡∏á‡∏≠‡∏∞‡πÑ‡∏£‡πÑ‡∏´‡∏°‡∏Ñ‡∏∞‡∏ñ‡πâ‡∏≤‡πÄ‡∏≠‡∏≤‡∏°‡∏≤‡∏Å‡∏¥‡∏ô‡πÄ‡∏õ‡πá‡∏ô‡∏õ‡∏£‡∏∞‡∏à‡∏≥‡πÄ‡∏û‡∏∑‡πà‡∏≠‡∏£‡∏±‡∏Å‡∏©‡∏≤ ‡∏´‡∏£‡∏∑‡∏≠‡πÄ‡∏£‡∏≤‡∏à‡∏∞‡πÉ‡∏ä‡πâ‡∏ß‡∏¥‡∏ò‡∏µ‡∏¢‡∏≤ 9 ‡πÄ‡∏°‡πá‡∏î‡∏ï‡∏≤‡∏°‡πÅ‡∏ö‡∏ö‡∏≠‡∏≤‡∏à‡∏≤‡∏£‡∏¢‡πå‡∏´‡∏°‡∏≠‡πÄ‡∏Ç‡∏µ‡∏¢‡∏ß‡∏à‡∏∞‡∏î‡∏µ‡∏Å‡∏ß‡πà‡∏≤‡πÑ‡∏´‡∏°‡∏Ñ‡∏∞
17:29	‡∏´‡∏°‡∏≠‡∏ï‡∏¥‡πâ‡∏ß ‡∏ô‡∏ß‡∏î‡πÅ‡∏ú‡∏ô‡πÇ‡∏ö‡∏£‡∏≤‡∏ì	‡πÄ‡∏õ‡πá‡∏ô‡∏´‡∏ß‡∏±‡∏î‡∏ó‡∏≥‡∏≠‡∏¢‡πà‡∏≤‡∏á‡πÑ‡∏£‡πÉ‡∏´‡πâ‡∏´‡∏≤‡∏¢‡πÄ‡∏£‡πá‡∏ß‡∏Ñ‡πà‡∏∞‡πÉ‡∏Ñ‡∏£‡∏£‡∏∏‡πâ‡∏ä‡πà‡∏ß‡∏¢‡∏ï‡∏≠‡∏ö‡∏ó‡∏µ‡∏Ñ‡πà‡∏∞
17:29	‡∏´‡∏°‡∏≠‡∏ï‡∏¥‡πâ‡∏ß ‡∏ô‡∏ß‡∏î‡πÅ‡∏ú‡∏ô‡πÇ‡∏ö‡∏£‡∏≤‡∏ì	‡∏°‡∏∑‡∏≠‡πÉ‡∏´‡∏°‡πà‡∏Ñ‡πà‡∏∞
17:30	‡∏´‡∏°‡∏≠‡∏ï‡∏¥‡πâ‡∏ß ‡∏ô‡∏ß‡∏î‡πÅ‡∏ú‡∏ô‡πÇ‡∏ö‡∏£‡∏≤‡∏ì	‡∏Ç‡∏≠‡∏ö‡∏Ñ‡∏∏‡∏ì‡∏ô‡πà‡∏∞‡∏Ñ‡πà‡∏∞
17:32	TYPHOON	‡∏ó‡∏≥‡∏ï‡∏≤‡∏°‡∏¢‡∏≤9‡πÄ‡∏°‡πá‡∏î‡∏ó‡∏µ‡πà‡∏ó‡∏≥‡πÑ‡∏î‡πâ ‡∏õ‡∏£‡∏±‡∏ö‡∏≠‡∏≤‡∏´‡∏≤‡∏£ ‡∏î‡∏∑‡πà‡∏°‡∏ô‡πâ‡∏≥‡∏™‡∏µ‡πà‡∏û‡∏•‡∏±‡∏á ‡πÅ‡∏•‡∏∞‡∏ó‡∏≥‡πÉ‡∏à‡∏≠‡∏¢‡πà‡∏≤‡∏á‡πÄ‡∏£‡πà‡∏á‡∏ú‡∏•‡∏Ñ‡∏£‡∏±‡∏ö ‡∏à‡∏∞‡∏´‡∏≤‡∏¢‡πÄ‡∏£‡πá‡∏ß‡∏Ñ‡∏£‡∏±‡∏ö
17:34	‡∏´‡∏°‡∏≠‡∏ï‡∏¥‡πâ‡∏ß ‡∏ô‡∏ß‡∏î‡πÅ‡∏ú‡∏ô‡πÇ‡∏ö‡∏£‡∏≤‡∏ì	‡∏Ç‡∏≠‡∏ö‡∏Ñ‡∏∏‡∏ì‡∏°‡∏≤‡∏Å‡∏Ñ‡πà‡∏∞
18:10	Sopa joined the chat.
2018/12/28(Fri)
9:33	TYPHOON	‡πÄ‡∏à‡∏£‡∏¥‡∏ç‡∏ò‡∏£‡∏£‡∏°‡∏™‡∏≥‡∏ô‡∏∂‡∏Å‡∏î‡∏µ‡∏û‡∏µ‡πà‡∏ô‡πâ‡∏≠‡∏á
11:16	Chalor	https://youtu.be/tECoFHoN-Uc
11:17	Chalor	‡πÄ‡∏à‡∏£‡∏¥‡∏ç‡∏ò‡∏£‡∏£‡∏° ‡∏Ñ‡∏£‡∏±‡∏ö
11:17	Chalor	‡∏ï‡πâ‡∏≠‡∏á‡∏°‡∏µ ‡∏™‡∏≥‡∏ô‡∏∂‡∏Å‡∏î‡∏µ ‡∏î‡πâ‡∏ß‡∏¢‡πÉ‡∏ä‡πà‡πÑ‡∏´‡∏°
11:45	‡∏õ‡πâ‡∏≤‡∏≠‡πâ‡∏≠‡∏¢ joined the chat.
11:51	TYPHOON	‡∏ä‡πà‡∏≤‡∏¢‡∏Ñ‡∏£‡∏±‡∏ö
12:06	KIT30 joined the chat.
13:44	‡∏£‡∏∏‡πà‡∏á‡∏ô‡∏†‡∏≤ ‡∏™‡∏µ‡∏î‡∏≤	‡∏Ç‡∏≠‡∏Ñ‡∏≥‡πÅ‡∏ô‡∏∞‡∏ô‡∏≥‡∏´‡∏ô‡πà‡∏≠‡∏¢‡∏ô‡∏∞‡∏Ñ‡∏∞ ‡∏°‡∏µ‡∏ç‡∏≤‡∏ï‡∏¥‡∏õ‡πà‡∏ß‡∏¢‡πÄ‡∏õ‡πâ‡∏ô  ‡πÄ‡∏ä‡∏∑‡πâ‡∏≠‡∏£‡∏≤‡πÉ‡∏ô‡∏´‡∏π‡∏™‡∏≤‡∏°‡∏≤‡∏£‡∏ñ‡∏´‡∏¢‡∏≠‡∏î‡∏ô‡∏≥‡πâ‡∏õ‡∏±‡∏™‡∏™‡∏≤‡∏ß‡∏∞ ‡πÑ‡∏î‡πâ‡πÑ‡∏´‡∏°‡∏Ñ‡∏∞
14:57	‡∏õ‡∏π‡πÄ‡∏£‡∏ã‡∏ã‡∏∂‡∏á ‡∏õ‡∏π‡πÄ‡∏£‡∏ã‡∏ã‡∏∂‡∏á üíú joined the chat.
15:42	‡∏õ‡πâ‡∏≤‡∏≠‡∏µ‡πä‡∏î‡∏•‡∏∏‡∏á‡∏Ç‡∏≤‡∏ß(RIAN)	‡∏£‡∏ö‡∏Å‡∏ß‡∏ô‡∏Ç‡∏≠‡∏Ñ‡∏≥‡πÅ‡∏ô‡∏∞‡∏ô‡∏≥‡∏Ñ‡πà‡∏∞
‡πÅ‡∏°‡πà‡∏™‡∏≤‡∏°‡∏µ‡πÄ‡∏õ‡πá‡∏ô‡πÑ‡∏ï‡∏£‡∏∞‡∏¢‡∏∞‡∏ó‡∏µ‡πà3 ‡∏Å‡∏¥‡∏ô‡∏¢‡∏≤ ‡∏¢‡∏±‡∏á‡πÑ‡∏°‡πà‡∏ü‡∏≠‡∏Å‡πÑ‡∏ï ‡πÅ‡∏ï‡πà ‡∏≠‡∏≤‡∏Å‡∏≤‡∏£‡∏´‡∏°‡∏≠‡∏ö‡∏≠‡∏Å‡∏ô‡πà‡∏≤‡∏à‡∏∞‡∏ï‡πâ‡∏≠‡∏á‡∏ü‡∏≠‡∏Å ‡πÄ‡∏û‡∏£‡∏≤‡∏∞‡πÅ‡∏°‡πà‡∏¢‡∏±‡∏á‡πÑ‡∏°‡πà‡∏´‡∏¢‡∏∏‡∏î‡∏ó‡πà‡∏ô‡πÄ‡∏Ñ‡πá‡∏° ‡πÅ‡∏•‡∏∞‡∏•‡∏∑‡∏°‡∏ó‡∏≤‡∏ô‡∏¢‡∏≤‡∏ö‡πà‡∏≠‡∏¢‡πÜ ‡∏Ç‡∏≠‡∏Ñ‡∏≥‡πÅ‡∏ô‡∏∞‡∏ô‡∏≥‡∏î‡πâ‡∏ß‡∏¢‡∏Ñ‡πà‡∏∞ ‡πÅ‡∏°‡πà‡πÑ‡∏°‡πà‡∏î‡∏Ñ‡∏¢‡πÄ‡∏Ç‡πâ‡∏≤‡∏Ñ‡πà‡∏≤‡∏¢..‡∏™‡πà‡∏ß‡∏ô‡∏ï‡∏±‡∏ß‡πÄ‡∏≠‡∏á‡πÄ‡∏Ñ‡∏¢‡πÄ‡∏Ç‡πâ‡∏≤‡∏Ñ‡∏£‡∏±‡πâ‡∏á‡πÄ‡∏î‡∏µ‡∏¢‡∏ß‡∏Ñ‡πà‡∏∞
17:40	‡∏ß‡∏≤‡∏ô‡∏£‡∏´‡∏¥‡∏°‡∏∞	https://www.youtube.com/playlist?list=PLfCeRii70QCnapB1cNeRbJcTFwf2rORMD
19:16	‡∏ô‡∏¥‡∏£‡∏±‡∏ï‡∏ô‡πå‡∏ä‡∏±‡∏¢  ‡∏î‡∏ß‡∏á‡∏ò‡∏£‡∏£‡∏° joined the chat.
7:28	Lah	‡∏õ‡∏£‡∏±‡∏ö‡∏≠‡∏≤‡∏´‡∏≤‡∏£‡πÉ‡∏´‡πâ‡∏™‡∏°‡∏î‡∏∏‡∏•
 ‡∏ó‡∏≥‡πÄ‡∏≠‡∏á 
‡∏á‡∏î‡∏ú‡∏á‡∏ä‡∏π‡∏£‡∏™
11:53	‡∏õ‡πâ‡∏≤‡∏≠‡∏µ‡πä‡∏î‡∏•‡∏∏‡∏á‡∏Ç‡∏≤‡∏ß(RIAN)	‡∏Ç‡∏≠‡∏ö‡∏Ñ‡∏∏‡∏ì‡∏ó‡∏∏‡∏Å‡∏ó‡πà‡∏≤‡∏ô‡∏Ñ‡πà‡∏∞
11:54	‡∏õ‡πâ‡∏≤‡∏≠‡∏µ‡πä‡∏î‡∏•‡∏∏‡∏á‡∏Ç‡∏≤‡∏ß(RIAN)	‡∏°‡∏µ‡∏≠‡∏∞‡πÑ‡∏£‡πÅ‡∏ô‡∏∞‡∏ô‡∏≥‡πÄ‡∏û‡∏¥‡πà‡∏°‡πÄ‡∏ï‡∏¥‡∏°‡∏ö‡∏≠‡∏Å‡πÑ‡∏î‡πâ‡∏ô‡∏∞‡∏Ñ‡∏∞‡∏ï‡πâ‡∏≠‡∏á‡∏Å‡∏≤‡∏£‡∏°‡∏≤‡∏Å‡πÜ‡∏Ñ‡πà‡∏∞
11:59	‡∏õ‡πâ‡∏≤‡∏≠‡∏µ‡πä‡∏î‡∏•‡∏∏‡∏á‡∏Ç‡∏≤‡∏ß(RIAN)	‡πÅ‡∏°‡πà‡∏≤‡∏¢‡∏∏ 87 ‡∏≠‡∏•‡πâ‡∏ß‡∏Ñ‡πà‡∏∞
12:00	‡∏õ‡πâ‡∏≤‡∏≠‡∏µ‡πä‡∏î‡∏•‡∏∏‡∏á‡∏Ç‡∏≤‡∏ß(RIAN)	‡πÅ‡∏•‡πâ‡∏ß‡πÄ‡∏Ñ‡∏¢‡πÄ‡∏à‡∏≠‡∏ß‡πà‡∏≤‡∏™‡∏°‡∏∏‡∏ô‡πÑ‡∏û‡∏£‡∏•‡πâ‡∏≤‡∏á‡πÑ‡∏ï ‡πÇ‡∏î‡∏¢‡πÄ‡∏≠‡∏≤ ‡∏Å‡∏£‡∏∞‡∏ä‡∏≤‡∏¢ ‡∏Ç‡πà‡∏≤ ‡πÉ‡∏ö‡∏°‡∏∞‡∏Å‡∏£‡∏π‡∏î ‡∏´‡πâ‡∏ß‡∏´‡∏≠‡∏° ‡∏°‡∏≤‡∏ï‡πâ‡∏°‡∏ô‡πâ‡∏≥‡∏Å‡∏¥‡∏ô 3 ‡∏°‡∏∑‡πâ‡∏≠ ‡∏à‡∏∞‡∏ó‡∏≥‡πÑ‡∏î‡πâ‡πÑ‡∏´‡∏°‡∏Ñ‡∏∞ ‡∏î‡∏∑‡πà‡∏°‡πÑ‡∏î‡πâ‡πÑ‡∏´‡∏°
12:01	‡∏õ‡πâ‡∏≤‡∏≠‡∏µ‡πä‡∏î‡∏•‡∏∏‡∏á‡∏Ç‡∏≤‡∏ß(RIAN)	‡πÇ‡∏î‡∏¢‡∏Å‡∏≤‡∏£‡πÄ‡∏≠‡∏≤‡∏ó‡∏∏‡∏Å‡∏≠‡∏¢‡πà‡∏≤‡∏á‡∏°‡∏≤‡∏£‡∏ß‡∏°‡∏Å‡∏±‡∏ô‡πÅ‡∏•‡πâ‡∏ß‡∏ï‡πâ‡∏°‡∏Ñ‡πà‡∏∞ ‡πÅ‡∏ï‡πà‡∏¢‡∏±‡∏á‡πÑ‡∏°‡πà‡πÄ‡∏ï‡∏¢‡∏ó‡∏≥‡∏Ñ‡πà‡∏∞
12:03	‡∏õ‡πâ‡∏≤‡∏≠‡∏µ‡πä‡∏î‡∏•‡∏∏‡∏á‡∏Ç‡∏≤‡∏ß(RIAN)	‡∏≠‡πâ‡∏≠ ‡∏°‡∏µ‡∏ï‡∏∞‡πÑ‡∏Ñ‡∏£‡∏± ‡∏Å‡∏±‡∏ö‡πÉ‡∏ö‡∏™‡∏∞‡∏£‡∏∞‡πÅ‡∏´‡∏ô‡πà ‡∏î‡πâ‡∏ß‡∏¢‡∏µ‡πà‡∏∞
12:07	‡∏™‡∏∏‡∏£‡∏®‡∏±‡∏Å‡∏î‡∏¥‡πå	‡∏î‡∏∑‡πà‡∏°‡∏ô‡πâ‡∏≥‡∏™‡∏°‡∏∏‡∏ô‡πÑ‡∏û‡∏£‡∏ä‡πà‡∏ß‡∏á‡∏ô‡∏µ‡πâ‡∏ó‡∏≥‡πÉ‡∏´‡πâ‡∏´‡∏ô‡∏≤‡∏ß‡πÄ‡∏û‡∏£‡∏≤‡∏∞‡πÄ‡∏õ‡πá‡∏ô‡∏ä‡πà‡∏ß‡∏á‡∏≠‡∏≤‡∏Å‡∏≤‡∏®‡∏´‡∏ô‡∏≤‡∏ß‡∏î‡πâ‡∏ß‡∏¢‡∏Ñ‡∏ß‡∏£‡∏õ‡∏£‡∏±‡∏ö‡∏™‡∏°‡∏î‡∏∏‡∏•‡∏≠‡∏¢‡πà‡∏≤‡∏á‡πÑ‡∏£‡∏Ñ‡∏£‡∏±‡∏ö
12:25	Am-on	‡πÄ‡∏£‡∏∑‡πà‡∏≠‡∏á‡∏õ‡∏£‡∏±‡∏ö‡∏™‡∏°‡∏î‡∏∏‡∏•‡πÄ‡∏õ‡πá‡∏ô‡∏™‡∏≥‡∏Ñ‡∏ç‡∏°‡∏≤‡∏Å‡πÄ‡∏£‡∏≤‡∏ï‡πâ‡∏≠‡∏á‡∏µ‡πà‡∏£‡∏π‡πâ‡∏ß‡πà‡∏≤‡∏™‡∏°‡∏î‡∏∏‡∏•‡∏Å‡∏±‡∏ö‡πÄ‡∏£‡∏≤‡πÉ‡∏´‡∏°‡∏≠‡∏à ‡∏´‡∏°‡∏≠‡πÄ‡∏Ç‡∏µ‡∏¢‡∏ß‡πÉ‡∏´‡πâ‡∏ï‡∏±‡∏ß‡∏ß‡∏±‡∏î‡∏ß‡πà‡∏≤‡πÄ‡∏ö‡∏≤‡∏Å‡∏≤‡∏¢‡∏™‡∏ö‡∏≤‡∏¢‡∏°‡∏µ‡∏Å‡∏≥‡∏•‡∏±‡∏á  ‡πÅ‡∏•‡∏∞‡πÉ‡∏´‡πâ‡∏î‡∏π‡∏õ‡∏±‡∏™‡∏™‡∏≤‡∏ß‡∏∞‡∏ï‡πâ‡∏≠‡∏á‡πÉ‡∏™‡∏™‡∏µ‡πÑ‡∏°‡πà‡πÄ‡∏ä‡πâ‡∏°‡πÑ‡∏°‡πà‡∏°‡∏µ‡∏Å‡∏•‡∏¥‡πà‡∏ô‡∏â‡∏∏‡∏ô‡∏ñ‡πâ‡∏≤‡∏ô‡∏∂‡∏Å‡πÑ‡∏°‡πà‡∏≠‡∏≠‡∏Å‡πÄ‡∏≠‡∏≤‡∏≠‡∏≤‡∏´‡∏≤‡∏£‡πÄ‡∏£‡∏µ‡∏¢‡∏ö‡∏á‡πà‡∏≤‡∏¢‡∏ó‡∏µ‡πà‡∏™‡∏∏‡∏î‡∏Ñ‡∏∑‡∏≠‡∏Ç‡πâ‡∏≤‡∏ß‡∏ï‡πâ‡∏°‡∏Å‡∏±‡∏ö‡∏ú‡∏±‡∏Å ‡∏≠‡∏≤‡∏´‡∏≤‡∏£‡∏û‡∏•‡∏±‡∏á‡∏û‡∏∏‡∏ó‡∏ò
12:27	Am-on	‡∏≠‡∏≤‡∏´‡∏≤‡∏£‡πÄ‡∏õ‡πá‡∏ô‡∏ß‡∏±‡∏ï‡∏ñ‡∏∏‡πÉ‡∏´‡πâ‡∏ú‡∏•30‡πÄ‡∏õ‡∏≠‡∏£‡πÄ‡∏ã‡∏ô‡∏ï‡πå‡πÅ‡∏ï‡πà‡πÉ‡∏à‡πÉ‡∏´‡πâ‡∏ú‡∏•70‡πÄ‡∏ú‡∏≠‡∏£‡πå‡πÄ‡∏ã‡∏ô‡∏ï‡πå
12:29	Am-on	 ‡∏≠‡∏¢‡πà‡∏≤‡∏Å‡∏•‡∏±‡∏ß‡∏≠‡∏¢‡πà‡∏≤‡∏´‡∏ß‡∏±‡πà‡∏ô‡πÑ‡∏´‡∏ß ‡πÉ‡∏ä‡πâ‡∏ç‡∏≤‡∏ì4‡πÇ‡∏™‡∏î‡∏≤‡∏ö‡∏±‡∏ô‡πÉ‡∏ô‡∏ö‡∏ó‡∏ó‡∏ö‡∏ó‡∏ß‡∏ô‡∏ò‡∏£‡∏£‡∏°
13:27	admin1	‡∏Ç‡∏≠‡πÄ‡∏Ñ‡∏•‡∏µ‡∏¢‡∏£‡πå ‡∏Ç‡πâ‡∏≠‡∏Ñ‡∏ß‡∏≤‡∏°‡∏£‡∏π‡∏õ‡∏†‡∏≤‡∏û ‡∏ó‡∏µ‡πà‡πÑ‡∏°‡πà‡∏ï‡∏£‡∏á‡∏ß‡∏±‡∏ï‡∏ñ‡∏∏‡∏õ‡∏£‡∏∞‡∏™‡∏á‡∏Ñ‡πå‡∏Ç‡∏≠‡∏á‡∏Å‡∏•‡∏∏‡πà‡∏°‡∏ô‡∏∞‡∏Ñ‡∏£‡∏±‡∏ö (‡∏¢‡∏¥‡πâ‡∏°)‡∏î‡∏π‡πÅ‡∏•‡∏ö‡∏≠‡∏Å‡∏Å‡∏•‡πà‡∏≤‡∏ß‡∏Å‡∏±‡∏ô ‡∏ó‡∏≥‡∏î‡∏µ‡πÑ‡∏°‡πà‡∏°‡∏µ‡∏ñ‡∏∑‡∏≠‡∏™‡∏≤‡∏Å‡∏±‡∏ô‡∏ô‡∏∞‡∏Ñ‡∏£‡∏±‡∏ö (‡∏≠‡∏ò‡∏¥‡∏©‡∏ê‡∏≤‡∏ô)
13:55	admin1	@Yaowanee ‡∏™‡∏°‡∏≤‡∏ä‡∏¥‡∏Å‡πÉ‡∏´‡∏°‡πà ‡∏Å‡∏î ‡∏£‡∏π‡∏õ‡∏ö‡πâ‡∏≤‡∏ô‡∏Ç‡∏ß‡∏≤‡∏ö‡∏ô ‡∏≠‡πà‡∏≤‡∏ô‡πÇ‡∏û‡∏™‡∏ó‡πå‡∏™‡∏≥‡∏Ñ‡∏±‡∏ç‡∏Å‡πà‡∏≠‡∏ô‡∏ô‡∏∞‡∏Ñ‡∏£‡∏±‡∏ö ‡∏Ç‡∏≠‡∏ö‡∏Ñ‡∏∏‡∏ì‡∏Ñ‡∏£‡∏±‡∏ö
14:03	‡∏ß‡∏≤‡∏ô‡∏£‡∏´‡∏¥‡∏°‡∏∞	‡∏°‡∏µ‡∏≠‡∏≤‡∏Å‡∏≤‡∏£‡∏™‡∏ö‡∏≤‡∏¢‡πÅ‡∏ö‡∏ö‡πÉ‡∏î‡∏ö‡∏≤‡∏á‡∏Ñ‡∏£‡∏±‡∏ö‡∏ó‡∏µ‡πà‡∏°‡∏≠‡∏á‡πÄ‡∏î‡πà‡∏ô‡∏ä‡∏±‡∏î ‡∏´‡∏£‡∏∑‡∏≠‡∏Ñ‡∏ô‡πÑ‡∏Ç‡πâ‡∏£‡∏π‡πâ‡∏™‡∏∂‡∏Å‡∏°‡∏µ‡∏≠‡∏≤‡∏Å‡∏≤‡∏£‡πÑ‡∏°‡πà‡∏™‡∏ö‡∏≤‡∏¢ ‡∏•‡∏±‡∏Å‡∏©‡∏ì‡∏∞ ‡πÉ‡∏î‡∏ö‡πâ‡∏≤‡∏á? 
14:06	‡∏ß‡∏≤‡∏ô‡∏£‡∏´‡∏¥‡∏°‡∏∞	[Photo]
16:02	‡∏õ‡πâ‡∏≤‡∏≠‡∏µ‡πä‡∏î‡∏•‡∏∏‡∏á‡∏Ç‡∏≤‡∏ß(RIAN)	31‡∏ô‡∏µ‡πâ‡∏ñ‡∏∂‡∏á‡∏ö‡πâ‡∏≤‡∏ô‡πÅ‡∏ü‡∏ô‡∏à‡∏∞‡∏ó‡∏£‡∏≤‡∏ö‡∏≠‡∏≤‡∏Å‡∏≤‡∏£‡∏ó‡∏±‡πâ‡∏á‡∏´‡∏°‡∏î‡∏Ñ‡πà‡∏∞ ‡πÅ‡∏°‡πà‡∏ä‡∏≠‡∏ö‡∏ó‡∏≤‡∏ô‡∏õ‡∏•‡∏≤‡∏™‡∏•‡∏¥‡∏î‡πÄ‡∏Ñ‡πá‡∏° ‡∏≠‡∏≤‡∏Å‡∏≤‡∏£‡∏Å‡πá‡∏≠‡∏≠‡∏Å‡∏î‡∏Ñ‡πá‡∏° ‡∏•‡∏î‡∏•‡∏á‡πÅ‡∏Ñ‡πà‡∏ô‡∏¥‡∏î‡∏´‡∏ô‡πà‡∏≠‡∏¢ ‡∏ñ‡πâ‡∏≤‡πÉ‡∏´‡πâ‡∏ó‡∏≤‡∏ô‡∏à‡∏∑‡∏î ‡πÅ‡∏Å‡∏Å‡πá‡∏à‡∏∞‡πÑ‡∏°‡πà‡∏ó‡∏≤‡∏ô‡πÄ‡∏•‡∏¢‡∏Ñ‡πà‡∏∞..‡πÉ‡∏™‡πà‡πÄ‡∏≠‡∏Å‡πÄ‡∏Å‡∏•‡∏∑‡∏≠‡∏≠‡∏≠‡∏Å‡πÄ‡∏Ñ‡πá‡∏°‡∏à‡∏∞‡∏≠‡∏±‡∏ô‡∏ï‡∏£‡∏≤‡∏¢‡πÑ‡∏´‡∏°‡∏Ñ‡∏∞
16:03	‡∏õ‡πâ‡∏≤‡∏≠‡∏µ‡πä‡∏î‡∏•‡∏∏‡∏á‡∏Ç‡∏≤‡∏ß(RIAN)	‡πÅ‡∏Å‡πâ‡πÑ‡∏Ç ‡∏≠‡∏≤‡∏´‡∏≤‡∏£‡∏Å‡πá‡πÄ‡∏Ñ‡πá‡∏°‡∏Ñ‡πà‡∏∞
22:12	Best Business 2019 joined the chat.
3:15	Best Business 2019 was removed from the square.
7:21	The Best One joined the chat.
7:23	The Best One was removed from the square.
7:46	TYPHOON	‡πÅ‡∏≠‡∏î‡∏Ñ‡∏£‡∏±‡∏ö‡∏•‡∏ö‡πÇ‡∏û‡∏™‡∏î‡πâ‡∏ß‡∏¢‡∏Ñ‡∏£‡∏±‡∏ö
7:53	Lah	‡∏•‡∏ö‡πÅ‡∏•‡πâ‡∏ß ‡∏ô‡∏∞‡∏Ñ‡∏∞
7:55	Lah	‡∏î‡∏µ‡∏Ñ‡πà‡∏∞ ‡∏ä‡πà‡∏ß‡∏¢‡∏™‡∏≠‡∏î‡∏™‡πà‡∏≠‡∏á
‡∏Ñ‡∏ô‡∏°‡∏µ‡∏®‡∏µ‡∏• ‡∏à‡∏∞‡πÑ‡∏°‡πà‡πÄ‡∏ö‡∏µ‡∏¢‡∏î‡πÄ‡∏ö‡∏µ‡∏¢‡∏ô‡∏Ñ‡∏ô‡∏≠‡∏∑‡πà‡∏ô 
7:57	‡πÑ‡∏´‡∏°(‡∏ä‡∏∏‡∏ï‡∏¥‡∏ß‡∏£‡∏£‡∏ì)	[Video]
14:41	‡∏ô‡πâ‡∏≠‡∏¢ ‡∏Ñ‡∏á‡∏Å‡∏ï‡∏±‡∏ç‡∏ç‡∏π‡∏™‡∏Å‡∏∏‡∏•	‡∏™‡∏≤‡∏ò‡∏∏‡∏Ñ‡∏∞
22:27	Best One 2019 joined the chat.
3:31	Best One 2019 was removed from the square.
5:43	‡∏à‡∏¥‡∏£‡∏ô‡∏±‡∏ô‡∏ó‡πå ‡∏ó‡∏±‡∏ö‡πÄ‡∏ô‡∏µ‡∏¢‡∏°	‡∏à‡∏¥‡∏£‡∏ô‡∏±‡∏ô‡∏ó‡πå ‡∏ó‡∏±‡∏ö‡πÄ‡∏ô‡∏µ‡∏¢‡∏° shared an OpenChat note.
7:18	‡∏ï‡πà‡∏≠ ‡∏°‡∏±‡∏Å‡∏Å‡∏∞‡∏™‡∏±‡∏ô ‡πÄ‡∏û‡∏∑‡πà‡∏≠‡∏ôüòÅ	‡∏•‡∏π‡∏Å‡∏ä‡∏≤‡∏¢‡πÄ‡∏û‡∏∑‡πà‡∏≠‡∏ô ‡πÄ‡∏õ‡πá‡∏ô‡πÑ‡∏Ç‡πâ‡πÄ‡∏•‡∏∑‡∏≠‡∏î‡∏≠‡∏≠‡∏Å 
‡∏Ç‡∏≠‡∏Ñ‡∏≥‡πÅ‡∏ô‡∏∞‡∏ô‡∏≥ ‡∏ß‡∏¥‡∏ò‡∏µ‡∏•‡∏î‡πÑ‡∏Ç‡πâ ‡πÅ‡∏ö‡∏ö‡πÅ‡∏û‡∏ó‡∏¢‡πå ‡∏ß‡∏¥‡∏ò‡∏µ‡∏ò‡∏£‡∏£‡∏° ‡∏î‡πâ‡∏ß‡∏¢‡∏™‡∏¥‡∏Ñ‡∏£‡∏±‡∏öüòáüòá
7:32	Lah	‡πÄ‡∏ä‡πá‡∏î‡∏ï‡∏±‡∏ß ‡∏•‡∏î‡πÑ‡∏Ç‡πâ
‡∏î‡πâ‡∏ß‡∏¢‡∏¢‡πà‡∏≤‡∏ô‡∏≤‡∏á‡∏™‡∏Å‡∏±‡∏î‡πÉ‡∏™‡πà‡∏ô‡πâ‡∏≥
‡∏´‡∏£‡∏∑‡∏≠‡∏¢‡πà‡∏≤‡∏ô‡∏≤‡∏á‡∏™‡∏î ‡∏ú‡∏™‡∏°‡∏ô‡πâ‡∏≥
‡∏´‡∏£‡∏∑‡∏≠‡∏´‡∏¢‡∏î‡∏ô‡πâ‡∏≥‡∏°‡∏±‡∏ô‡πÄ‡∏Ç‡∏µ‡∏¢‡∏ß‡∏ú‡∏™‡∏°‡∏ô‡πâ‡∏≥
‡∏à‡∏¥‡∏ö‡∏ô‡πâ‡∏≥‡∏¢‡πà‡∏≤‡∏ô‡∏≤‡∏á‡∏™‡∏Å‡∏±‡∏î ‡∏ú‡∏™‡∏°‡∏ô‡πâ‡∏≥ ‡∏ö‡πà‡∏≠‡∏¢‡πÜ
7:32	Lah	‡πÄ‡∏Å‡∏£‡πá‡∏î‡πÄ‡∏•‡∏∑‡∏≠‡∏î ‡∏õ‡∏Å‡∏ï‡∏¥‡∏°‡∏±‡πâ‡∏¢‡∏Ñ‡∏∞
7:45	‡∏ï‡πà‡∏≠ ‡∏°‡∏±‡∏Å‡∏Å‡∏∞‡∏™‡∏±‡∏ô ‡πÄ‡∏û‡∏∑‡πà‡∏≠‡∏ôüòÅ	@Lah ‡∏ñ‡∏≤‡∏°‡πÄ‡∏û‡∏∑‡πà‡∏≠‡∏ô‡∏≠‡∏¢‡∏π‡πà‡∏Ñ‡∏£‡∏±‡∏ö ‡∏£‡∏≠‡∏ï‡∏≠‡∏ö‡∏Ñ‡∏£‡∏±‡∏ö ‡∏Ç‡∏≠‡∏ö‡∏Ñ‡∏∏‡∏ì‡∏Ñ‡∏£‡∏±‡∏ö
7:58	‡∏ï‡πà‡∏≠ ‡∏°‡∏±‡∏Å‡∏Å‡∏∞‡∏™‡∏±‡∏ô ‡πÄ‡∏û‡∏∑‡πà‡∏≠‡∏ôüòÅ	[Photo]
8:00	Lah	‡∏£‡∏∞‡∏ß‡∏±‡∏á ‡∏ï‡∏≠‡∏ô‡πÑ‡∏Ç‡πâ‡∏•‡∏á
‡∏à‡∏∞‡πÄ‡∏õ‡πá‡∏ô ‡∏ä‡πà‡∏ß‡∏á‡∏ä‡πá‡∏≠‡∏Ñ
‡∏Ñ‡∏ß‡∏≤‡∏°‡∏î‡∏±‡∏ô‡∏ï‡πà‡∏≥
‡∏î‡∏∑‡πà‡∏°‡∏ô‡πâ‡∏≥‡∏ö‡πà‡∏≠‡∏¢‡πÜ
8:00	‡∏ï‡πà‡∏≠ ‡∏°‡∏±‡∏Å‡∏Å‡∏∞‡∏™‡∏±‡∏ô ‡πÄ‡∏û‡∏∑‡πà‡∏≠‡∏ôüòÅ	‡∏Ñ‡∏£‡∏±‡∏ö‡∏Ç‡∏≠‡∏ö‡∏Ñ‡∏∏‡∏ì‡∏°‡∏≤‡∏Å‡∏Ñ‡∏£‡∏±‡∏ö
8:29	‡∏´‡∏°‡∏π‡πÑ‡∏™‡∏õ‡∏£‡πå‡∏ã‡∏µ‡πà	‡∏¥‡∏ô‡∏≠‡πâ‡∏á‡∏≠‡∏≤‡∏¢‡∏∏17‡πÇ‡∏î‡∏ô‡∏ï‡πâ‡∏ô‡πÑ‡∏°‡πâ‡∏•‡πâ‡∏°‡∏ó‡∏±‡∏ö‡∏´‡∏•‡∏±‡∏á‡∏Å‡∏£‡∏∞‡∏î‡∏π‡∏Å‡πÅ‡∏ï‡∏Å‡∏ó‡∏±‡∏ö‡πÄ‡∏™‡πâ‡∏ô‡∏õ‡∏£‡∏∞‡∏™‡∏≤‡∏ó‡πÉ‡∏ä‡πâ‡∏ä ‡∏µ‡∏ß‡∏¥‡∏ï‡∏õ‡∏£‡∏Å‡∏Å‡∏ï‡∏¥‡πÅ‡∏ï‡πà
8:34	‡∏´‡∏°‡∏π‡πÑ‡∏™‡∏õ‡∏£‡πå‡∏ã‡∏µ‡πà	‡∏Å‡∏≤‡∏£‡∏Ç‡∏±‡∏ö‡∏ñ‡∏≤‡πâ‡∏¢‡∏ï‡∏≠‡πâ‡∏á‡πÉ‡∏ä‡πâ‡∏¢‡∏≤‡∏£‡∏∞‡∏ö‡πà‡∏≤‡∏¢5‡∏ß‡∏±‡∏ô‡∏Å‡πá‡πÑ‡∏°‡πà‡∏ñ‡∏≤‡πà‡∏¢‡∏ï‡∏≠‡πâ‡∏á‡∏Å‡∏¥‡∏ô‡∏¢‡∏≤‡∏õ‡∏£‡∏∞‡∏à‡∏≥‡πÄ‡∏õ‡πá‡∏ô‡∏°‡∏≤5‡∏õ‡∏µ‡πÅ‡∏•‡πâ‡∏ß‡∏Ñ‡πà‡∏∞
8:36	‡∏´‡∏°‡∏π‡πÑ‡∏™‡∏õ‡∏£‡πå‡∏ã‡∏µ‡πà	‡∏Ç‡∏≠‡∏ñ‡∏≤‡∏°‡πÉ‡∏ä‡πâ‡∏¢‡∏≤‡πÄ‡∏Å‡πâ‡∏≤‡πÄ‡∏°‡πá‡∏î‡∏°‡∏µ‡πÇ‡∏≠‡∏Å‡∏≤‡∏™‡∏´‡∏≤‡∏¢‡πÉ‡∏´‡∏°‡∏Ñ‡πà
8:37	‡∏ß‡∏≤‡∏ô‡∏£‡∏´‡∏¥‡∏°‡∏∞	‡∏î‡∏µ‡∏ó‡∏≠‡∏Å ‡∏™‡∏ß‡∏ô‡∏•‡πâ‡∏≤‡∏á‡∏•‡∏≥‡πÑ‡∏™‡πâ ‡πÄ‡∏î‡πá‡∏Å‡∏≠‡∏≤‡∏à‡∏à‡∏∞‡πÉ‡∏ä‡πâ‡∏ó‡∏µ‡πà‡∏™‡∏ß‡∏ô‡∏≠‡∏∂‡πÄ‡∏î‡πá‡∏Å ‡πÉ‡∏ä‡πâ‡∏ô‡πâ‡∏≥‡∏¢‡πà‡∏≤‡∏ô‡∏≤‡∏á‡πÄ‡∏à‡∏∑‡∏≠‡∏à‡∏≤‡∏á 
8:37	‡∏´‡∏°‡∏π‡πÑ‡∏™‡∏õ‡∏£‡πå‡∏ã‡∏µ‡πà	‡πÄ‡∏î‡πá‡∏Å‡∏ú‡∏π‡πâ‡∏´‡∏ç‡∏¥‡∏á‡∏Ñ‡πà‡∏∞
8:40	‡∏´‡∏°‡∏π‡πÑ‡∏™‡∏õ‡∏£‡πå‡∏ã‡∏µ‡πà	‡∏Ç‡∏≠‡πÄ‡∏ö‡∏≠‡∏£‡πå‡∏™‡πà‡∏á‡πÉ‡∏´‡πâ‡∏ç‡∏≤‡∏ï‡∏¥‡∏Ñ‡∏∏‡∏¢‡∏õ‡∏£‡∏∂‡∏Å‡∏©‡∏≤‡∏î‡∏ß‡πâ‡∏¢‡∏Ñ‡πà‡∏∞‡πÄ‡∏Ç‡∏≤‡∏¢‡∏±‡∏á‡πÑ‡∏°‡πà‡πÑ‡∏î‡πâ‡πÄ‡∏Ç‡πâ‡∏≤‡∏Å‡∏•‡∏∏‡∏°‡∏™‡∏∏‡∏Ç‡∏†‡∏≤‡∏û‡∏Ñ‡πà‡∏∞
8:54	‡∏ï‡πà‡∏≠ ‡∏°‡∏±‡∏Å‡∏Å‡∏∞‡∏™‡∏±‡∏ô ‡πÄ‡∏û‡∏∑‡πà‡∏≠‡∏ôüòÅ	@‡∏ß‡∏≤‡∏ô‡∏£‡∏´‡∏¥‡∏°‡∏∞ ‡∏Ç‡∏≠‡∏ö‡∏Ñ‡∏∏‡∏ì‡∏Ñ‡∏£‡∏±‡∏ö
9:00	‡∏ß‡∏≤‡∏ô‡∏£‡∏´‡∏¥‡∏°‡∏∞	https://youtu.be/Sp7LVpreNUI?t=10m30s
9:01	‡∏ß‡∏≤‡∏ô‡∏£‡∏´‡∏¥‡∏°‡∏∞	https://youtu.be/4kNjDuFCd9s
9:34	Lah	‡∏ù‡∏∂‡∏Å‡∏ó‡∏≥detox
‡∏î‡∏µ‡∏Å‡∏ß‡πà‡∏≤‡∏Å‡∏¥‡∏ô‡∏¢‡∏≤‡∏Ñ‡πà‡∏∞
9:35	Lah	[Photo]
9:35	Lah	‡∏ö‡πâ‡∏≤‡∏ô‡∏≠‡∏¢‡∏π‡πà‡πÑ‡∏´‡∏ô‡∏Ñ‡∏∞
‡∏°‡∏µ‡∏Ñ‡πà‡∏≤‡∏¢‡∏´‡∏•‡∏≤‡∏¢‡∏ó‡∏µ‡πà
‡∏™‡∏∞‡∏î‡∏ß‡∏Å‡∏ó‡∏µ‡πà‡πÑ‡∏´‡∏ô
‡πÄ‡∏ä‡∏¥‡∏ç‡∏Ñ‡πà‡∏∞
9:52	‡∏´‡∏°‡∏π‡πÑ‡∏™‡∏õ‡∏£‡πå‡∏ã‡∏µ‡πà	‡∏ß‡∏¥‡∏ó‡∏¢‡∏≤‡∏•‡∏±‡∏¢‡πÄ‡∏õ‡∏¥‡∏î‡πÅ‡∏•‡πâ‡∏ß‡πÑ‡∏õ‡πÄ‡∏Ç‡πâ‡∏≤‡∏Ñ‡∏≤‡πà‡∏¢‡πÑ‡∏°‡πà‡πÑ‡∏î‡πâ‡∏Ñ‡πà‡∏∞‡πÅ‡∏ô‡∏∞‡∏ô‡∏≥‡πÉ‡∏´‡πâ‡∏ó‡∏≥‡∏™‡∏ß‡∏ô‡∏•‡∏≤‡πâ‡∏á‡πÅ‡∏•‡πâ‡∏ß‡∏Ñ‡πà‡∏∞
9:54	‡∏´‡∏°‡∏π‡πÑ‡∏™‡∏õ‡∏£‡πå‡∏ã‡∏µ‡πà	‡∏û‡∏¥‡∏©‡∏ì‡∏∏‡πÇ‡∏•‡∏Å‡∏Ñ‡πà‡∏∞
11:47	lotty	‡∏´‡∏≤‡πÄ‡∏ß‡∏•‡∏≤‡πÑ‡∏õ‡πÄ‡∏Ç‡πâ‡∏≤‡∏Ñ‡πà‡∏≤‡∏¢‡πÉ‡∏´‡πâ‡πÑ‡∏î‡πâ‡∏ã‡∏±‡∏Å‡∏Ñ‡∏£‡∏±‡πâ‡∏á‡∏Ñ‡πà‡∏∞..‡∏≠‡∏¢‡∏π‡πà‡πÑ‡∏°‡πà‡∏Ñ‡∏£‡∏ö‡∏Å‡πá‡πÑ‡∏°‡πà‡πÄ‡∏õ‡πá‡∏ô‡πÑ‡∏£..‡∏•‡∏π‡∏Å‡∏™‡∏≤‡∏ß‡πÄ‡∏£‡∏≤‡πÄ‡∏Ñ‡∏¢‡πÑ‡∏õ‡∏Ñ‡πà‡∏≤‡∏¢9‡∏ß‡∏±‡∏ô..‡∏≠‡∏¢‡∏π‡πÑ‡∏î‡πâ3‡∏ß‡∏±‡∏ô‡∏Å‡∏•‡∏±‡∏ö‡πÑ‡∏õ‡∏ó‡∏≥‡∏á‡∏≤‡∏ô‡πÅ‡∏•‡πâ‡∏ß‡∏Å‡∏•‡∏±‡∏ö‡∏Ñ‡πà‡∏≤‡∏¢‡∏≠‡∏µ‡∏Å‡∏Å‡πá‡πÄ‡∏Ñ‡∏¢..‡πÄ‡∏Ç‡πâ‡∏≤‡∏Ñ‡πà‡∏≤‡∏¢‡∏à‡∏∞‡πÑ‡∏î‡πâ‡∏≠‡∏∞‡πÑ‡∏£‡πÄ‡∏¢‡∏≠‡∏∞‡∏Å‡∏ß‡πà‡∏≤‡∏ó‡∏≥‡∏ó‡∏µ‡πà‡∏ö‡πâ‡∏≤‡∏ô‡πÑ‡∏î‡πâ‡∏™‡∏∏‡∏Ç‡∏†‡∏≤‡∏û‡∏Å‡∏≤‡∏¢‡πÉ‡∏à‡∏´‡∏°‡∏π‡πà‡∏Å‡∏•‡∏∏‡πà‡∏°‡∏û‡∏•‡∏±‡∏á‡∏Ñ‡∏ß‡∏≤‡∏°‡∏î‡∏µ‡∏´‡∏≤‡∏¢‡πÇ‡∏£‡∏Ñ‡πÄ‡∏£‡πá‡∏ß‡∏Ñ‡πà‡∏∞..‡∏•‡∏π‡∏Å‡∏™‡∏≤‡∏ß‡πÄ‡∏Ñ‡∏¢‡∏≠‡∏¢‡∏π‡πà‡∏ö‡πâ‡∏≤‡∏ô‡πÅ‡∏™‡∏ô‡∏™‡∏∞‡∏î‡∏ß‡∏Å‡∏™‡∏ö‡∏≤‡∏¢‡πÑ‡∏õ‡∏Ñ‡πà‡∏≤‡∏¢‡∏•‡∏≥‡∏ö‡∏≤‡∏Å‡∏Å‡∏•‡∏±‡∏ß‡∏ó‡∏ô‡πÑ‡∏°‡πà‡πÑ‡∏î‡πâ‡πÅ‡∏ï‡πà‡∏ú‡∏¥‡∏î‡∏Ñ‡∏≤‡∏î‡∏ô‡∏≤‡∏á‡∏ó‡∏≥‡πÑ‡∏î‡πâ‡∏ó‡∏∏‡∏Å‡∏≠‡∏¢‡πà‡∏≤‡∏á‡∏ó‡∏±‡πâ‡∏á‡∏î‡∏∑‡πà‡∏°-‡πÉ‡∏ä‡πâ‡∏ô‡πâ‡∏≥‡∏õ‡∏±‡∏™‡∏™‡∏≤‡∏ß‡∏∞‡∏î‡πâ‡∏ß‡∏¢..‡∏û‡∏•‡∏±‡∏á‡∏Ñ‡∏ß‡∏≤‡∏°‡∏î‡∏µ‡∏°‡∏µ‡∏°‡∏≤‡∏Å‡∏°‡∏≤‡∏¢‡πÉ‡∏ô‡∏Ñ‡πà‡∏≤‡∏¢..‡πÑ‡∏õ‡πÅ‡∏•‡πâ‡∏ß‡∏Ç‡∏∞‡∏ï‡∏¥‡∏î‡πÉ‡∏à‡∏ï‡πâ‡∏≠‡∏á‡πÑ‡∏õ‡∏≠‡∏µ‡∏Å‡∏´‡∏•‡∏≤‡∏ö‡πÜ‡∏Ñ‡∏£‡∏±‡πâ‡∏á..‡∏´‡∏≤‡πÇ‡∏≠‡∏Å‡∏≤‡∏™‡πÑ‡∏õ‡πÉ‡∏´‡πâ‡πÑ‡∏î‡πâ..‡∏´‡∏°‡∏≠‡∏ó‡∏µ‡πà‡∏î‡∏µ‡∏ó‡∏µ‡πà‡∏™‡∏∏‡∏î‡∏Ñ‡∏∑‡∏≠‡∏ï‡∏±‡∏ß‡πÄ‡∏£‡∏≤‡πÄ‡∏≠‡∏á..(happy)(hahaha)(LOL)
11:52	‡∏¢‡πà‡∏≤‡∏à‡πã‡∏≤.	‡∏ß‡∏±‡∏ô‡∏ô‡∏µ‡πâ‡πÄ‡∏õ‡πá‡∏ô‡∏ß‡∏±‡∏ô‡∏™‡∏¥‡πâ‡∏ô‡∏õ‡∏µ‡πÄ‡∏Å‡πà‡∏≤‡πÅ‡∏•‡πâ‡∏ß‡∏õ‡∏µ‡πÉ‡∏´‡∏°‡πà‡∏à‡∏∞‡∏°‡∏≤‡∏ñ‡∏∂‡∏á‡∏≠‡∏µ‡∏Å‡πÑ‡∏°‡πà‡∏Å‡∏µ‡∏ä‡∏±‡πà‡∏ß‡πÇ‡∏°‡∏á‡∏ô‡∏µ‡πâ‡∏Ç‡∏≠‡∏≠‡∏ô‡∏∏‡∏ç‡∏≤‡∏ï‡πÄ‡∏•‡πà‡∏≤‡πÄ‡∏£‡∏∑‡πà‡∏≠‡∏á‡πÄ‡∏Å‡πà‡∏≤‡πÜ‡πÉ‡∏ô‡∏õ‡∏µ‡πÄ‡∏Å‡πà‡∏≤‡πÉ‡∏´‡πâ‡∏™‡∏°‡∏≤‡∏ä‡∏¥‡∏Å‡πÉ‡∏ô‡∏Å‡∏•‡∏∏‡πà‡∏°‡∏û‡∏ß‡∏ò.‡∏ü‡∏±‡∏á‡∏ß‡πà‡∏≤‡πÄ‡∏£‡∏∑‡πà‡∏≠‡∏á‡∏õ‡πà‡∏ß‡∏¢‡∏Å‡∏≤‡∏¢‡∏õ‡πà‡∏ß‡∏¢‡πÉ‡∏à‡∏°‡∏±‡∏ô‡πÄ‡∏õ‡πá‡∏ô‡∏ó‡∏∏‡∏Å‡∏Ç‡πå‡∏≠‡∏±‡∏ô‡∏¢‡∏¥‡πà‡∏á‡πÉ‡∏´‡∏ç‡πà‡∏™‡∏≥‡∏´‡∏£‡∏±‡∏ö‡∏ï‡∏±‡∏ß‡πÄ‡∏£‡∏≤‡πÅ‡∏ï‡πà‡∏Å‡πá‡∏î‡πâ‡∏ß‡∏¢‡∏ß‡∏¥‡∏ö‡∏≤‡∏Å‡πÄ‡∏£‡∏≤‡∏Ñ‡∏á‡∏ô‡πâ‡∏≠‡∏¢‡∏ô‡∏¥‡∏î‡∏ó‡∏µ‡πà‡πÑ‡∏î‡πâ‡∏°‡∏≤‡πÄ‡∏£‡∏µ‡∏¢‡∏ô‡∏£‡∏π‡πâ‡∏ß‡∏¥‡∏ò‡∏µ‡∏î‡∏π‡πÅ‡∏•‡∏™‡∏∏‡∏Ç‡∏†‡∏≤‡∏û‡∏î‡πâ‡∏ß‡∏¢‡πÅ‡∏ö‡∏ö‡∏Ç‡∏≠‡∏á‡∏û‡∏ß‡∏ò.‡∏Å‡∏£‡∏≤‡∏ö‡∏Ç‡∏≠‡∏ö‡∏û‡∏£‡∏∞‡∏Ñ‡∏∏‡∏ì‡∏ó‡πà‡∏≤‡∏ô‡∏≠‡∏à.‡∏´‡∏°‡∏≠‡πÄ‡∏Ç‡∏µ‡∏¢‡∏ß‡πÅ‡∏•‡∏∞‡∏Ç‡∏≠‡∏ö‡∏û‡∏£‡∏∞‡∏Ñ‡∏∏‡∏ì‡∏û‡∏µ‡πà‡πÜ‡∏à‡∏¥‡∏ï‡∏≠‡∏≤‡∏™‡∏≤‡∏ó‡∏∏‡∏Å‡∏ó‡πà‡∏≤‡∏ô‡∏û‡∏µ‡πà‡∏ô‡πâ‡∏≠‡∏á‡∏£‡πà‡∏ß‡∏¢‡∏Ñ‡πà‡∏≤‡∏¢‡∏ó‡∏µ‡πà‡πÉ‡∏´‡πâ‡∏Ñ‡∏ß‡∏≤‡∏°‡∏£‡∏π‡πâ‡πÄ‡∏£‡∏∑‡πà‡∏≠‡∏á‡∏î‡∏π‡πÅ‡∏•‡∏™‡∏∏‡∏Ç‡∏†‡∏≤‡∏û ‡∏ï‡∏≠‡∏ô‡∏ô‡∏µ‡πâ‡∏ï‡∏±‡∏ß‡πÄ‡∏£‡∏≤‡∏°‡∏µ‡∏Ñ‡∏ß‡∏≤‡∏°‡∏™‡∏∏‡∏Ç‡πÉ‡∏à‡∏™‡∏∏‡∏Ç‡∏Å‡∏≤‡∏¢‡πÄ‡∏£‡∏≤‡πÑ‡∏°‡πà‡∏ï‡πâ‡∏≠‡∏á‡∏°‡∏≤‡∏ô‡∏±‡πà‡∏á‡πÄ‡∏Å‡∏≤‡∏Ç‡∏∂‡πâ‡∏Å‡∏•‡∏≤‡∏Å‡∏≠‡∏µ‡∏Å‡πÅ‡∏•‡πâ‡∏ß‡∏Ñ‡πà‡∏∞‡∏ï‡∏±‡∏ß‡πÄ‡∏£‡∏≤‡∏°‡∏µ‡∏Ñ‡∏ß‡∏≤‡∏°‡∏™‡∏∏‡∏Ç‡∏Å‡∏≤‡∏¢‡∏™‡∏∏‡∏Ç‡πÉ‡∏à‡πÅ‡∏•‡∏∞‡∏≠‡∏¢‡∏≤‡∏Å‡∏™‡πà‡∏á‡∏Ñ‡∏ß‡∏≤‡∏°‡∏™‡∏∏‡∏Ç‡∏ô‡∏µ‡πâ‡∏°‡∏≤‡∏¢‡∏±‡∏á‡∏û‡∏µ‡πà‡∏ô‡πâ‡∏≠‡∏á‡∏£‡πà‡∏ß‡∏°‡∏Ñ‡πà‡∏≤‡∏¢‡∏ó‡∏∏‡∏Å‡∏ó‡πà‡∏≤‡∏ô‡∏Ç‡∏≠‡πÉ‡∏´‡πâ‡∏ó‡πà‡∏≤‡∏ô‡∏à‡∏á‡∏°‡∏µ‡∏™‡∏∏‡∏Ç‡∏†‡∏≤‡∏û‡πÅ‡∏Ç‡πá‡∏á‡πÅ‡∏£‡∏á‡πÅ‡∏•‡∏∞‡∏´‡∏°‡∏±‡πà‡∏ô‡∏®‡∏∂‡∏Å‡∏©‡∏≤‡∏¢‡∏≤‡πô‡πÄ‡∏°‡πá‡∏î‡πÑ‡∏ß‡πâ‡∏î‡∏π‡πÅ‡∏•‡∏£‡∏±‡∏Å‡∏©‡∏≤‡∏ï‡∏ô‡πÉ‡∏´‡πâ‡∏´‡∏≤‡∏¢‡∏à‡∏≤‡∏Å
‡∏≠‡∏≤‡∏Å‡∏≤‡∏£‡∏õ‡πà‡∏ß‡∏¢‡∏Å‡∏≤‡∏¢‡∏õ‡πà‡∏ß‡∏¢‡πÉ‡∏à‡∏Ç‡∏≠‡∏á‡∏ï‡∏ô‡πÄ‡∏≠‡∏á‡πÅ‡∏•‡πâ‡∏ß‡∏™‡∏∏‡∏Ç‡∏†‡∏≤‡∏û‡∏ó‡∏µ‡πà‡πÅ‡∏Ç‡πá‡∏á‡πÅ‡∏£‡∏á‡πÄ‡∏ö‡∏≤‡∏Å‡∏≤‡∏¢‡∏°‡∏µ‡∏û‡∏•‡∏±‡∏á‡∏Å‡πá‡∏à‡∏∞‡πÄ‡∏õ‡πá‡∏ô‡∏Ç‡∏≠‡∏á‡∏û‡∏µ‡πà‡∏ô‡πâ‡∏≠‡∏á‡∏ó‡∏∏‡∏Å‡∏ó‡πà‡∏≤‡∏ô‡∏Ñ‡πà‡∏∞ ‡∏™‡∏≤‡∏ò‡∏∏
12:39	Lah	‡∏Ñ‡πà‡∏∞ ‡∏Ñ‡∏ß‡∏≤‡∏°‡∏•‡∏≥‡∏ö‡∏≤‡∏Å ‡∏ó‡∏≥‡πÉ‡∏´‡πâ‡∏Å‡∏∏‡∏®‡∏•‡∏ò‡∏£‡∏£‡∏°‡πÄ‡∏à‡∏£‡∏¥‡∏ç‡∏¢‡∏¥‡πà‡∏á
12:40	Lah	‡∏™‡∏ß‡∏ô3‡∏¢‡∏¥‡∏ô‡∏î‡∏µ‡∏ï‡πâ‡∏≠‡∏ô‡∏£‡∏±‡∏ö‡∏Ñ‡πà‡∏∞
13:38	‡∏Å‡∏≤‡∏ô‡∏ß‡∏£‡∏±‡∏ä ‡∏®‡∏£‡∏µ‡∏à‡∏∏‡∏•‡∏Æ‡∏≤‡∏ï	[Sticker]
14:24	‡∏´‡∏°‡∏π‡πÑ‡∏™‡∏õ‡∏£‡πå‡∏ã‡∏µ‡πà	‡∏Ç‡∏≠‡∏ö‡∏Ñ‡∏∏‡∏ì‡∏°‡∏≤‡∏Å‡πÜ‡∏Ñ‡πà‡∏∞
19:23	‡∏¢‡∏≤‡∏¢‡∏Å‡πâ‡∏≤‡∏ô	‡∏Ç‡∏≠‡∏ö‡∏Ñ‡∏∏‡∏ì‡∏Ñ‡∏∞‡∏≠‡∏≤‡∏à‡∏≤‡∏£‡∏¢‡πå
19:42	Tee Review	" ‡πÑ‡∏°‡πà‡∏ï‡πâ‡∏≠‡∏á‡∏ï‡∏∑‡πà‡∏ô‡πÄ‡∏ï‡πâ‡∏ô‡∏Å‡∏±‡∏ö‡∏ß‡∏±‡∏ô‡πÉ‡∏´‡∏°‡πà ‡∏õ‡∏µ‡πÉ‡∏´‡∏°‡πà ‡∏≠‡∏±‡∏ô‡∏ô‡∏±‡πâ‡∏ô‡∏°‡∏±‡∏ô‡∏´‡∏°‡∏∏‡∏ô‡πÑ‡∏õ‡∏ï‡∏≤‡∏°‡πÄ‡∏£‡∏∑‡πà‡∏≠‡∏á‡∏Ç‡∏≠‡∏á‡∏°‡∏±‡∏ô ‡∏ß‡∏±‡∏ô‡∏´‡∏ô‡∏∂‡πà‡∏á ‡πÄ‡∏î‡∏∑‡∏≠‡∏ô‡∏´‡∏ô‡∏∂‡πà‡∏á ‡∏õ‡∏µ‡∏´‡∏ô‡∏∂‡πà‡∏á ‡∏≠‡∏±‡∏ô‡∏ô‡∏±‡πâ‡∏ô‡πÄ‡∏õ‡πá‡∏ô‡∏™‡∏°‡∏°‡∏∏‡∏ï‡∏¥‡∏ö‡∏±‡∏ç‡∏ç‡∏±‡∏ï‡∏¥‡∏Ç‡∏∂‡πâ‡∏ô‡∏°‡∏≤ 
‡∏≠‡∏±‡∏ô‡∏ó‡∏µ‡πà‡πÄ‡∏£‡∏≤‡∏Ñ‡∏ß‡∏£‡∏à‡∏∞‡∏ï‡∏∑‡πà‡∏ô‡πÄ‡∏ï‡πâ‡∏ô‡∏ô‡∏±‡πâ‡∏ô ‡∏Ñ‡∏ß‡∏£‡∏ï‡∏∑‡πà‡∏ô‡πÄ‡∏ï‡πâ‡∏ô‡∏ó‡∏µ‡πà‡∏ï‡∏±‡∏ß‡∏Ç‡∏≠‡∏á‡πÄ‡∏£‡∏≤‡∏ß‡πà‡∏≤ ‡∏ß‡∏±‡∏ô‡∏´‡∏ô‡∏∂‡πà‡∏á‡πÜ  ‡πÄ‡∏î‡∏∑‡∏≠‡∏ô‡∏´‡∏ô‡∏∂‡πà‡∏á ‡∏õ‡∏µ‡∏´‡∏ô‡∏∂‡πà‡∏á ‡πÄ‡∏£‡∏≤‡πÄ‡∏à‡∏£‡∏¥‡∏ç‡∏Ç‡∏∂‡πâ‡∏ô ‡∏´‡∏£‡∏∑‡∏≠‡∏ß‡πà‡∏≤‡πÄ‡∏£‡∏≤‡πÄ‡∏™‡∏∑‡πà‡∏≠‡∏°‡∏•‡∏á ‡∏≠‡∏±‡∏ô‡∏ô‡∏±‡πâ‡∏ô‡∏ï‡πà‡∏≤‡∏á‡∏´‡∏≤‡∏Å 
‡πÄ‡∏£‡∏≤‡πÄ‡∏´‡πá‡∏ô‡∏Ñ‡∏ß‡∏≤‡∏°‡πÄ‡∏™‡∏∑‡πà‡∏≠‡∏° ‡∏Ñ‡∏ß‡∏≤‡∏°‡πÄ‡∏à‡∏£‡∏¥‡∏ç‡∏Ç‡∏≠‡∏á‡πÄ‡∏£‡∏≤‡πÅ‡∏ó‡πâ‡∏à‡∏£‡∏¥‡∏á ‡∏£‡πà‡∏≤‡∏á‡∏Å‡∏≤‡∏¢‡∏Ç‡∏≠‡∏á‡πÄ‡∏£‡∏≤ ‡∏°‡∏±‡∏ô‡πÄ‡∏à‡∏£‡∏¥‡∏ç‡∏Ç‡∏∂‡πâ‡∏ô‡πÑ‡∏°‡πà‡∏°‡∏µ‡∏´‡∏£‡∏≠‡∏Å  ‡∏°‡∏µ‡πÅ‡∏ï‡πà‡πÄ‡∏™‡∏∑‡πà‡∏≠‡∏°‡∏•‡∏á ‡πÄ‡∏Å‡∏¥‡∏î‡∏Ç‡∏∂‡πâ‡∏ô‡∏°‡∏≤‡πÅ‡∏•‡πâ‡∏ß‡∏Å‡πá‡πÄ‡∏™‡∏∑‡πà‡∏≠‡∏°‡∏•‡∏á‡∏ó‡∏∏‡∏Å‡∏ó‡∏µ ‡πÜ"
‡∏´‡∏•‡∏ß‡∏á‡∏õ‡∏π‡πà‡πÄ‡∏ó‡∏™‡∏Å‡πå ‡πÄ‡∏ó‡∏™‡∏£‡πç‡∏á‡∏™‡∏µ
23:31	‡∏à‡∏¥‡∏£‡∏ô‡∏±‡∏ô‡∏ó‡πå ‡∏ó‡∏±‡∏ö‡πÄ‡∏ô‡∏µ‡∏¢‡∏°	‡∏à‡∏¥‡∏£‡∏ô‡∏±‡∏ô‡∏ó‡πå ‡∏ó‡∏±‡∏ö‡πÄ‡∏ô‡∏µ‡∏¢‡∏° shared an OpenChat note.
2019/01/02(Wed)
10:07	Chunn joined the chat.
10:07	Chunn	‡πÄ‡∏à‡∏£‡∏¥‡∏ç‡∏ò‡∏£‡∏£‡∏°‡∏Ñ‡∏£‡∏±‡∏ö ‡∏Ç‡∏≠‡∏™‡∏≠‡∏ö‡∏ñ‡∏≤‡∏°‡∏ï‡∏≤‡∏£‡∏≤‡∏á‡∏Å‡∏¥‡∏à‡∏Å‡∏£‡∏£‡∏°‡∏Ñ‡πà‡∏≤‡∏¢‡∏†‡∏≤‡∏Ñ‡∏Å‡∏•‡∏≤‡∏á‡∏´‡∏ô‡πà‡∏≠‡∏¢‡∏Ñ‡∏£‡∏±‡∏ö
10:08	Chunn	[Photo]
10:09	Chunn	‡∏ß‡∏±‡∏ô‡∏ó‡∏µ‡πà 11-13 ‡∏°.‡∏Ñ. ‡∏™‡∏ß‡∏ô 3 ‡πÅ‡∏•‡∏∞ 13-21 ‡∏°.‡∏Ñ. ‡∏™‡∏ß‡∏ô 9  ‡∏Å‡∏≥‡∏´‡∏ô‡∏î‡∏Å‡∏≤‡∏£‡∏¢‡∏±‡∏á‡πÄ‡∏õ‡πá‡∏ô‡∏≠‡∏±‡∏ô‡∏ô‡∏µ‡πâ‡∏≠‡∏¢‡∏π‡πà‡∏´‡∏£‡∏∑‡∏≠‡πÄ‡∏õ‡∏•‡πà‡∏≤‡∏Ñ‡∏£‡∏±‡∏ö?
12:28	TYPHOON	‡∏Ç‡∏≠‡∏•‡∏¥‡∏á‡∏Ñ‡πå ‡∏ï‡∏≤‡∏£‡∏≤‡∏á‡∏Ñ‡πà‡∏≤‡∏¢‡∏õ‡∏µ62 ‡∏´‡∏ô‡πà‡∏≠‡∏¢‡∏Ñ‡∏£‡∏±‡∏ö ‡∏Ç‡∏≠‡∏ö‡∏Ñ‡∏∏‡∏ì‡∏Ñ‡∏£‡∏±‡∏ö @admin1 @Lah 
12:37	Lah	https://morkeaw-course2562.blogspot.com/2018/11/1.html?m=1
12:38	Lah	[Photo]
12:38	‡πÄ‡∏≠‡πã ‡∏à‡∏≤‡∏£‡∏¥‡∏ì‡∏µ	@ ‡∏≠‡∏ö‡∏£‡∏°‡πÄ‡∏ä‡∏¥‡∏á‡∏õ‡∏è‡∏¥‡∏ö‡∏±‡∏ï‡∏¥‡∏Å‡∏≤‡∏£‡∏ó‡∏≥‡∏´‡∏¥‡∏ô‡πÄ‡∏ó‡∏µ‡∏¢‡∏° ‡∏£‡∏∏‡πà‡∏ô 2
‡πÄ‡∏à‡∏£‡∏£‡∏¥‡∏ç‡∏ò‡∏£‡∏£‡∏°‡∏û‡∏µ‡πà‡∏ô‡πâ‡∏≠‡∏á‡∏à‡∏¥‡∏ï‡∏≠‡∏≤‡∏™‡∏≤‡πÅ‡∏•‡∏∞‡∏ú‡∏π‡πâ‡∏ó‡∏µ‡πà‡πÄ‡∏Ñ‡∏¢‡πÄ‡∏Ç‡πâ‡∏≤‡∏Ñ‡πà‡∏≤‡∏¢‡πÅ‡∏û‡∏ó‡∏¢‡πå‡∏ß‡∏¥‡∏ñ‡∏µ‡∏ò‡∏£‡∏£‡∏°
‡∏Å‡∏≥‡∏´‡∏ô‡∏î‡∏à‡∏±‡∏î‡∏≠‡∏ö‡∏£‡∏°‡πÄ‡∏ä‡∏¥‡∏á‡∏õ‡∏è‡∏¥‡∏ö‡∏±‡∏ï‡∏¥‡∏Å‡∏≤‡∏£‡∏ó‡∏≥‡∏´‡∏¥‡∏ô‡πÄ‡∏ó‡∏µ‡∏¢‡∏°  ‡πÄ‡∏û‡∏∑‡πà‡∏≠‡∏à‡∏±‡∏î‡∏™‡∏ß‡∏ô‡πÅ‡∏•‡∏∞‡∏ï‡∏Å‡πÅ‡∏ï‡πà‡∏á‡∏†‡∏π‡∏°‡∏¥‡∏ó‡∏±‡∏®‡∏ô‡πå  
‡∏≠‡∏≤‡∏ó‡∏¥  ‡∏ô‡πâ‡∏≥‡∏ï‡∏Å  ‡∏ó‡∏≤‡∏á‡πÄ‡∏î‡∏¥‡∏ô  ‡∏Å‡∏≥‡πÅ‡∏û‡∏á  ‡πÅ‡∏•‡∏∞‡∏ï‡πâ‡∏ô‡πÑ‡∏°‡πâ  ‡∏Ø‡∏•‡∏Ø  ‡πÄ‡∏õ‡πá‡∏ô‡∏ï‡πâ‡∏ô
‡∏ß‡∏¥‡∏ó‡∏¢‡∏≤‡∏Å‡∏£ : ‡∏≠‡∏≤‡∏´‡∏¥‡∏ô‡∏ß‡∏±‡∏á
‡∏ß‡∏±‡∏ô‡∏≠‡∏ö‡∏£‡∏°  :  14 ‚Äì 15 ‡∏°‡∏Å‡∏£‡∏≤‡∏Ñ‡∏°  2562
‡∏ì ‡∏®‡∏π‡∏ô‡∏¢‡πå‡∏Å‡∏≤‡∏£‡πÅ‡∏û‡∏ó‡∏¢‡πå‡∏ß‡∏¥‡∏ñ‡∏µ‡∏ò‡∏£‡∏£‡∏°‡∏ï‡∏≤‡∏°‡πÅ‡∏ô‡∏ß‡πÄ‡∏®‡∏£‡∏©‡∏ê‡∏Å‡∏¥‡∏à‡∏û‡∏≠‡πÄ‡∏û‡∏µ‡∏¢‡∏á  
‡∏™‡∏ß‡∏ô‡∏õ‡πà‡∏≤‡∏ô‡∏≤‡∏ö‡∏∏‡∏ç 9  ‡∏ï.‡∏™‡∏£‡∏∞‡∏Å‡∏£‡∏∞‡πÇ‡∏à‡∏°  ‡∏≠.‡∏î‡∏≠‡∏ô‡πÄ‡∏à‡∏î‡∏µ‡∏¢‡πå  ‡∏à.‡∏™‡∏∏‡∏û‡∏£‡∏£‡∏ì‡∏ö‡∏∏‡∏£‡∏µ
‡∏ó‡πà‡∏≤‡∏ô‡∏ó‡∏µ‡πà‡∏™‡∏ô‡πÉ‡∏à‡πÄ‡∏Ç‡πâ‡∏≤‡∏£‡∏±‡∏ö‡∏Å‡∏≤‡∏£‡∏≠‡∏ö‡∏£‡∏°  ‡∏Å‡∏£‡∏∏‡∏ì‡∏≤‡∏•‡∏á‡∏ä‡∏∑‡πà‡∏≠‡πÉ‡∏ô‡πÑ‡∏•‡∏ô‡πå‡∏ô‡∏µ‡πâ
‡∏Ç‡∏≠‡∏ö‡∏Ñ‡∏∏‡∏ì‡∏Ñ‡πà‡∏∞
‡∏´‡∏°‡∏≤‡∏¢‡πÄ‡∏´‡∏ï‡∏∏ : ‡∏™‡∏≠‡∏ö‡∏ñ‡∏≤‡∏°‡∏Ç‡πâ‡∏≠‡∏°‡∏π‡∏•‡πÄ‡∏û‡∏¥‡πà‡∏°‡πÄ‡∏ï‡∏¥‡∏°  
‡πÄ‡∏≠‡πã : 089 778 4974       ‡∏Å‡∏∏‡πâ‡∏á : 092 265 0159
10:57	‡∏ö‡∏±‡∏ß‡∏™‡∏¥‡πâ‡∏ô‡∏ö‡∏∏‡∏ç:‡πÅ‡∏´‡∏°‡πà‡∏°‡∏™‡∏ß‡∏¥‡∏™ ‡πÄ‡∏Ç‡πâ‡∏≤‡∏£‡πà‡∏ß‡∏°‡πÅ‡∏ä‡∏ó
11:05	‡πÄ‡∏≠‡πã ‡∏à‡∏≤‡∏£‡∏¥‡∏ì‡∏µ	[Photo]
14:24	Treepop	[Photo]
14:24	Treepop	‡∏°‡∏µ‡∏ó‡πà‡∏≤‡∏ô‡πÉ‡∏î‡∏î‡∏≠‡∏á‡πÅ‡∏•‡πâ‡∏ß‡πÄ‡∏õ‡πá‡∏ô‡∏™‡∏µ‡πÅ‡∏ö‡∏ö‡∏ô‡∏µ‡πâ‡∏Ñ‡∏£‡∏±‡∏ö
14:25	Treepop	‡πÑ‡∏°‡πà‡∏ó‡∏£‡∏≤‡∏ö‡πÄ‡∏õ‡πá‡∏ô‡πÄ‡∏û‡∏£‡∏≤‡∏∞‡∏≠‡∏∞‡πÑ‡∏£
14:26	Treepop	‡∏°‡∏µ‡∏™‡πà‡∏ß‡∏ô‡∏ú‡∏™‡∏° ‡∏õ‡∏™‡∏ß.+ ‡∏°‡∏∞‡∏Ç‡∏≤‡∏°‡∏õ‡πâ‡∏≠‡∏°
14:27	Treepop	‡∏´‡∏£‡∏∑‡∏≠‡πÄ‡∏õ‡πá‡∏ô‡πÄ‡∏û‡∏£‡∏≤‡∏∞‡∏ú‡∏°‡∏Å‡∏¥‡∏ô‡∏¢‡∏≤
14:29	‡∏ö‡∏±‡∏ß‡∏™‡∏¥‡πâ‡∏ô‡∏ö‡∏∏‡∏ç:‡πÅ‡∏´‡∏°‡πà‡∏°‡∏™‡∏ß‡∏¥‡∏™	‡∏¢‡∏≤‡∏Å‡πá‡∏Ñ‡∏∑‡∏≠‡∏¢‡∏≤
‡∏™‡∏µ‡πÄ‡∏õ‡πá‡∏ô‡∏£‡∏≠‡∏á‡∏à‡∏≤‡∏Å‡∏™‡∏£‡∏£‡∏û‡∏Ñ‡∏∏‡∏ì
‡πÑ‡∏°‡πà‡∏ï‡πâ‡∏≠‡∏á‡∏Å‡∏±‡∏á‡∏ß‡∏•‡∏Ñ‡πà‡∏∞
14:40	Treepop	‡∏Ç‡∏≠‡∏ö‡∏Ñ‡∏∏‡∏ì‡∏Ñ‡∏£‡∏±‡∏ö
15:46	‡πÄ‡∏≠‡πã ‡∏à‡∏≤‡∏£‡∏¥‡∏ì‡∏µ	[Photo]
16:11	Nittaya Leelawit	‡∏î‡∏≠‡∏á‡πÅ‡∏•‡πâ‡∏ß‡∏™‡∏µ‡∏≠‡∏≠‡∏Å‡∏Ç‡∏∏‡πà‡∏ô‡∏ô‡∏¥‡∏î‡πÜ
16:12	Nittaya Leelawit	[Photo]
17:44	‡πÄ‡∏≠‡πã ‡∏à‡∏≤‡∏£‡∏¥‡∏ì‡∏µ	@ ‡∏Ç‡∏≠‡πÅ‡∏ö‡πà‡∏á‡∏õ‡∏±‡∏ô‡∏ï‡πâ‡∏ô‡πÄ‡∏ï‡∏¢‡∏´‡∏≠‡∏°
‡∏ó‡πà‡∏≤‡∏ô‡πÉ‡∏î‡∏ó‡∏µ‡πà‡∏°‡∏µ‡∏ï‡πâ‡∏ô‡πÄ‡∏ï‡∏¢‡∏´‡∏≠‡∏°  ‡πÅ‡∏•‡∏∞‡∏û‡∏≠‡πÅ‡∏ö‡πà‡∏á‡∏õ‡∏±‡∏ô‡πÑ‡∏î‡πâ   
‡∏™‡∏ß‡∏ô ‡πô  ‡∏≠.‡∏î‡∏≠‡∏ô‡πÄ‡∏à‡∏î‡∏µ‡∏¢‡πå  ‡∏à.‡∏™‡∏∏‡∏û‡∏£‡∏£‡∏ì‡∏ö‡∏∏‡∏£‡∏µ  
‡∏ï‡πâ‡∏≠‡∏á‡∏Å‡∏≤‡∏£‡∏Ç‡∏¢‡∏≤‡∏¢‡∏û‡∏∑‡πâ‡∏ô‡∏ó‡∏µ‡πà‡∏õ‡∏•‡∏π‡∏Å‡πÄ‡∏ï‡∏¢‡∏´‡∏≠‡∏°‡∏à‡∏≥‡∏ô‡∏ß‡∏ô‡∏°‡∏≤‡∏Å
‡πÄ‡∏û‡∏∑‡πà‡∏≠‡πÉ‡∏ä‡πâ‡∏ó‡∏≥‡∏™‡∏°‡∏∏‡∏ô‡πÑ‡∏û‡∏£‡∏£‡∏π‡∏õ‡πÅ‡∏ö‡∏ö‡∏ï‡πà‡∏≤‡∏á‡πÜ‡πÅ‡∏•‡∏∞‡∏î‡∏∑‡πà‡∏°‡πÉ‡∏ô‡∏Å‡∏≤‡∏£‡∏à‡∏±‡∏î‡∏Ñ‡πà‡∏≤‡∏¢‡∏™‡∏∏‡∏Ç‡∏†‡∏≤‡∏û‡∏Ñ‡πà‡∏∞
‡∏Ç‡∏≠‡∏≠‡∏ô‡∏∏‡πÇ‡∏°‡∏ó‡∏ô‡∏≤‡∏ö‡∏∏‡∏ç /‡∏™‡∏≤‡∏ò‡∏∏‡∏Ñ‡πà‡∏∞
18:26	JINKJOE ‡πÄ‡∏Ç‡πâ‡∏≤‡∏£‡πà‡∏ß‡∏°‡πÅ‡∏ä‡∏ó
20:21	JINKJOE	‡∏™‡∏ß‡∏±‡∏™‡∏î‡∏µ‡∏Ñ‡πà‡∏∞ ‡πÄ‡∏õ‡πá‡∏ô‡∏™‡∏∞‡πÄ‡∏Å‡πá‡∏î‡πÄ‡∏á‡∏¥‡∏ô‡πÅ‡∏•‡∏∞‡∏ò‡∏≤‡∏•‡∏±‡∏™‡∏ã‡∏µ‡πÄ‡∏°‡∏µ‡∏¢ ‡∏Ñ‡∏∏‡∏°‡∏≠‡∏≤‡∏´‡∏≤‡∏£‡∏°‡∏≤ 7 ‡πÄ‡∏î‡∏∑‡∏≠‡∏ô ‡πÑ‡∏°‡πà‡πÉ‡∏ä‡πâ‡∏¢‡∏≤ ‡∏ú‡∏∑‡πà‡∏ô‡∏¢‡∏∏‡∏ö‡∏´‡∏°‡∏î‡πÅ‡∏•‡πâ‡∏ß‡∏Ñ‡πà‡∏∞ ‡∏ï‡∏≠‡∏ô‡∏ô‡∏µ‡πâ‡∏Å‡∏≥‡∏•‡∏±‡∏á‡∏®‡∏∂‡∏Å‡∏©‡∏≤‡πÄ‡∏£‡∏∑‡πà‡∏≠‡∏á‡∏ú‡∏±‡∏Å‡∏ú‡∏•‡πÑ‡∏°‡πâ‡∏§‡∏ó‡∏ò‡∏¥‡πå‡πÄ‡∏¢‡πá‡∏ô-‡∏£‡πâ‡∏≠‡∏ô ‡∏ñ‡πâ‡∏≤‡πÅ‡∏Ç‡πá‡∏á‡πÅ‡∏£‡∏á‡∏Å‡∏ß‡πà‡∏≤‡∏ô‡∏µ‡πâ‡∏à‡∏∞‡πÑ‡∏õ‡πÄ‡∏Ç‡πâ‡∏≤‡∏Ñ‡πà‡∏≤‡∏¢‡∏Ñ‡πà‡∏∞ ‡∏ï‡∏≠‡∏ô‡∏ô‡∏µ‡πâ‡∏Ç‡∏≠‡∏°‡∏≤‡∏®‡∏∂‡∏Å‡∏©‡∏≤‡∏î‡πâ‡∏ß‡∏¢‡∏Ñ‡∏ô‡∏ô‡∏∞‡∏Ñ‡∏∞
21:26	‡∏ö‡∏±‡∏ß‡∏™‡∏¥‡πâ‡∏ô‡∏ö‡∏∏‡∏ç:‡πÅ‡∏´‡∏°‡πà‡∏°‡∏™‡∏ß‡∏¥‡∏™	‡∏™‡∏≤‡∏ò‡∏∏‡∏Ñ‡πà‡∏∞ üôè
22:07	The Investors 2019 ‡πÄ‡∏Ç‡πâ‡∏≤‡∏£‡πà‡∏ß‡∏°‡πÅ‡∏ä‡∏ó
22:07	The Investors 2019	‡πÉ‡∏´‡πâ‡∏Å‡∏≥‡πÑ‡∏£  300% ‡∏ï‡πà‡∏≠‡πÅ‡∏û‡πá‡∏Ñ‡πÄ‡∏Å‡∏à 1-2.05 ‡∏ï‡πà‡∏≠‡∏ß‡∏±‡∏ô ‡∏î‡πâ‡∏ß‡∏¢ Ai Trad ‡∏≠‡∏ö‡∏¥‡∏ó‡∏£‡∏≤‡∏à‡∏™‡∏Å‡∏∏‡∏•‡πÄ‡∏á‡∏¥‡∏ô‡∏Ñ‡∏£‡∏¥‡∏ö‡πÇ‡∏ï ‡∏™‡∏£‡πâ‡∏≤‡∏á‡∏Å‡∏≥‡πÑ‡∏£‡πÉ‡∏´‡πâ‡∏ó‡∏∏‡∏Å‡∏ß‡∏±‡∏ô ‡∏ñ‡∏≠‡∏ô‡πÑ‡∏î‡πâ‡∏ó‡∏∏‡∏Å‡∏ß‡∏±‡∏ô ‡∏à-‡∏®::‡πÑ‡∏°‡πà‡∏à‡∏≥‡∏Å‡∏±‡∏î‡∏à‡∏≥‡∏ô‡∏ß‡∏ô 
  !!‡∏Ñ‡∏ô‡∏ó‡∏µ‡πà‡∏™‡∏ô‡πÉ‡∏à‡πÄ‡∏Ç‡πâ‡∏≤‡∏´‡πâ‡∏≠‡∏á‡∏ô‡∏µ‡πâ‡∏Ñ‡∏£‡∏±‡∏ö !!
https://line.me/ti/g2/AaEe0HtMjXXA6MrIkGPLC5nf_O4ziE_h7KqDELrdms1l6Elg_86IfaBl-DNWTCuh
Ai ‡πÄ‡∏ó‡∏£‡∏î‡πÄ‡∏£‡∏µ‡∏¢‡∏ß‡πÑ‡∏ó‡∏°‡πå‡∏™‡∏£‡πâ‡∏≤‡∏á‡∏Å‡∏≥‡πÑ‡∏£‡πÉ‡∏´‡πâ 1 ‡∏ñ‡∏∂‡∏á 2.5% ‡∏ï‡πà‡∏≠‡∏ß‡∏±‡∏ô
‡∏Ç‡∏≠‡∏≠‡∏ô‡∏∏‡∏ç‡∏≤‡∏ï‡πÅ‡∏≠‡∏î‡∏°‡∏¥‡∏ô‡∏ô‡∏∞‡∏Ñ‡∏£‡∏±‡∏ö‡πÄ‡∏ú‡∏∑‡πà‡∏≠‡∏°‡∏µ‡∏ó‡πà‡∏≤‡∏ô‡πÉ‡∏î‡∏™‡∏ô‡πÉ‡∏à‡πÄ‡∏£‡∏∑‡πà‡∏≠‡∏á‡∏Å‡∏≤‡∏£‡∏•‡∏á‡∏ó‡∏∏‡∏ô
22:21	TYPHOON	@admin1 @Lah ‡∏ß‡∏±‡∏ô‡∏ô‡∏µ‡πâ‡∏°‡∏≤‡∏ä‡∏∑‡πà‡∏≠‡πÉ‡∏´‡∏°‡πà The Investors 2019 ‡∏•‡∏ö‡πÅ‡∏•‡∏∞‡∏ö‡∏•‡πä‡∏≠‡∏Å‡∏î‡πâ‡∏ß‡∏¢‡∏à‡∏£‡πâ‡∏≤‡πÄ‡∏ß‡∏•‡∏≤ 22:07
22:33	pung_ng	.
2019/01/04(Fri)
24:16	Kanoon	@The Investors 2019  ‡πÄ‡∏Å‡πà‡∏á‡∏à‡∏£‡∏¥‡∏á ‡∏ó‡∏≥‡πÑ‡∏°‡πÑ‡∏°‡πà‡∏Ç‡∏≤‡∏¢‡∏ö‡πâ‡∏≤‡∏ô‡∏Ç‡∏≤‡∏¢‡∏£‡∏ñ ‡∏°‡∏≤‡πÄ‡∏ó‡∏£‡∏î‡∏•‡πà‡∏∞. ‡∏á‡∏±‡πâ‡∏ô‡∏Ç‡∏≠‡∏î‡∏π Myfxbook ‡∏Å‡πà‡∏≠‡∏ô‡πÑ‡∏î‡πâ‡πÑ‡∏´‡∏°. 
24:17	Kanoon	‡∏£‡∏π‡πâ‡∏à‡∏±‡∏Å‡πÑ‡∏´‡∏° Myfxbook
24:19	Kanoon	‡πÄ‡∏≠‡∏≤‡∏ï‡∏±‡∏ß‡πÄ‡∏≠‡∏á‡πÉ‡∏´‡πâ‡∏£‡∏≠‡∏î‡∏Å‡πà‡∏≠‡∏ô‡πÄ‡∏ñ‡∏≠‡∏∞ ‡∏Ç‡∏≠‡∏á‡∏î‡∏µ‡∏≠‡∏¢‡πà‡∏≤‡∏á‡∏ô‡∏µ‡πâ ‡πÅ‡∏ô‡∏∞‡∏ô‡∏≥‡∏ç‡∏≤‡∏ï‡∏¥‡∏û‡∏µ‡πà‡∏ô‡πâ‡∏≠‡∏á‡∏ï‡∏±‡∏ß‡πÄ‡∏≠‡∏á‡∏à‡∏∞‡∏î‡∏µ‡∏Å‡∏ß‡πà‡∏≤‡πÑ‡∏´‡∏°  ‡∏≠‡∏¢‡πà‡∏≤‡∏°‡∏≤‡∏´‡∏≤ lb‡πÉ‡∏ô‡∏ô‡∏µ‡πâ‡πÄ‡∏•‡∏¢
24:20	Kanoon	‡∏™‡∏á‡∏™‡∏±‡∏¢‡πÑ‡∏°‡πà‡∏°‡∏µ‡∏õ‡∏±‡∏ç‡∏ç‡∏≤‡πÄ‡∏ó‡∏£‡∏î‡πÄ‡∏≠‡∏á ‡∏ñ‡∏∂‡∏á‡∏ï‡πâ‡∏≠‡∏á‡∏´‡∏≤lb 
24:25	Kanoon	@The Investors 2019  ‡∏£‡∏π‡πâ‡∏à‡∏±‡∏Å‡πÑ‡∏´‡∏°‡∏Å‡∏≤‡∏•‡∏∞‡πÄ‡∏ó‡∏®‡∏∞. ‡∏û‡πà‡∏≠‡πÅ‡∏°‡πà‡πÄ‡∏Ñ‡∏¢‡∏™‡∏±‡πà‡∏á‡∏™‡∏≠‡∏ô‡πÑ‡∏´‡∏° 
24:27	‡∏ô‡∏≤‡∏á‡∏ü‡πâ‡∏≤‡πÉ‡∏à‡∏î‡∏µ	@The Investors 2019 ‡∏´‡πâ‡∏≠‡∏á‡∏ô‡∏µ‡πâ‡∏°‡∏µ‡πÅ‡∏ï‡πà‡πÉ‡∏´‡πâ‡∏Ñ‡∏ß‡∏≤‡∏°‡∏£‡∏π‡πâ ‡∏ä‡πà‡∏ß‡∏¢‡πÄ‡∏´‡∏•‡∏∑‡∏≠‡πÄ‡∏Å‡∏∑‡πâ‡∏≠‡∏Å‡∏π‡∏•‡∏Å‡∏±‡∏ô‡πÉ‡∏ô‡∏Å‡∏≤‡∏£‡∏ö‡∏≥‡∏ö‡∏±‡∏î ‡πÅ‡∏•‡∏∞‡∏£‡∏±‡∏Å‡∏©‡∏≤‡πÇ‡∏£‡∏Ñ ‡∏à‡∏≤‡∏Å‡∏™‡∏°‡∏∏‡∏ô‡πÑ‡∏û‡∏£‡∏à‡∏≤‡∏Å‡∏ò‡∏£‡∏£‡∏°‡∏ä‡∏≤‡∏ï‡∏¥‡∏Ñ‡πà‡∏∞ ‡πÑ‡∏°‡πà‡∏°‡∏µ‡∏Å‡∏≤‡∏£‡∏ó‡∏≥‡∏ò‡∏∏‡∏£‡∏Å‡∏¥‡∏à ‡∏´‡∏£‡∏∑‡∏≠‡∏Å‡∏≤‡∏£‡∏´‡∏≤‡∏ú‡∏•‡∏õ‡∏£‡∏∞‡πÇ‡∏¢‡∏ä‡∏ô‡πå‡∏Ñ‡πà‡∏∞
24:30	‡∏ô‡∏≤‡∏á‡∏ü‡πâ‡∏≤‡πÉ‡∏à‡∏î‡∏µ	‡∏Ñ‡∏ô‡∏ó‡∏µ‡πà‡∏à‡∏∞‡πÄ‡∏ä‡∏¥‡∏ç‡∏™‡∏°‡∏≤‡∏ä‡∏¥‡∏Å‡πÉ‡∏´‡∏°‡πà‡πÄ‡∏Ç‡πâ‡∏≤‡∏°‡∏≤‡∏ô‡πà‡∏≤‡∏à‡∏∞‡∏ö‡∏≠‡∏Å‡∏Å‡∏è‡∏£‡∏∞‡πÄ‡∏ö‡∏µ‡∏¢‡∏ö‡∏Ç‡∏≠‡∏á‡∏Å‡∏•‡∏∏‡πà‡∏°‡πÉ‡∏´‡πâ‡πÄ‡∏Ç‡πâ‡∏≤‡πÉ‡∏à‡∏î‡πâ‡∏ß‡∏¢‡∏ô‡∏∞‡∏Ñ‡∏∞
24:38	Kanoon	‡∏û‡∏π‡∏î‡∏á‡πà‡∏≤‡∏¢‡πÜ‡∏Ñ‡∏∑‡∏≠‡πÅ‡∏ä‡∏£‡πå‡∏•‡∏π‡∏Å‡πÇ‡∏ã‡πà‡∏ô‡πà‡∏∞‡πÅ‡∏´‡∏•‡∏∞ 
24:41	Kanoon	[Photo]
24:41	Kanoon	‡∏Å‡∏î‡∏ó‡∏µ‡πà‡∏ä‡∏∑‡πà‡∏≠
24:42	Kanoon	[Photo]
24:42	Kanoon	‡πÅ‡∏•‡πâ‡∏ß block
24:42	Kanoon	 ‡∏ú‡∏°block ‡πÑ‡∏õ‡πÅ‡∏•‡πâ‡∏ß
24:44	Kanoon	‡∏ú‡∏°‡πÑ‡∏°‡πà‡πÉ‡∏ä‡πàadmin ‡∏ô‡∏∞‡∏Ñ‡∏£‡∏±‡∏ö ‡∏Ç‡∏≠‡∏ñ‡∏∑‡∏≠‡∏ß‡∏¥‡∏™‡∏≤‡∏™‡∏∞ block ‡∏ô‡∏∞‡∏Ñ‡∏£‡∏±‡∏ö
2:36	The Investors 2019 ‡∏ñ‡∏π‡∏Å‡∏•‡∏ö‡∏à‡∏≤‡∏Å‡∏™‡πÅ‡∏Ñ‡∏ß‡∏£‡πå‡πÅ‡∏•‡πâ‡∏ß
4:29	bento	‡∏™‡∏ô‡πÉ‡∏à‡∏Ñ‡∏≠‡∏£‡πå‡∏™‡∏ô‡∏µ‡πâ ‡πÅ‡∏ï‡πà‡∏ä‡πà‡∏ß‡∏á‡πÄ‡∏ß‡∏•‡∏≤‡∏ô‡∏±‡πâ‡∏ô‡πÑ‡∏°‡πà‡∏ß‡πà‡∏≤‡∏á ‡∏ñ‡πâ‡∏≤‡∏°‡∏µ‡πÄ‡∏õ‡∏¥‡∏î‡πÉ‡∏´‡∏°‡πà ‡∏Å‡∏£‡∏∏‡∏ì‡∏≤‡πÅ‡∏à‡πâ‡∏á‡∏î‡πâ‡∏ß‡∏¢‡∏Ñ‡πà‡∏∞
6:47	‡∏ï‡πà‡∏≠ ‡∏°‡∏±‡∏Å‡∏Å‡∏∞‡∏™‡∏±‡∏ô ‡πÄ‡∏û‡∏∑‡πà‡∏≠‡∏ôüòÅ	‡∏û‡∏µ‡πà‡∏™‡∏≤‡∏ß‡πÄ‡∏ß‡∏•‡∏≤‡∏ô‡∏∞‡∏à‡∏∞‡πÑ‡∏≠‡πÄ‡∏õ‡πá‡∏ô‡∏õ‡∏£‡∏∞‡∏à‡∏≥ ‡∏Ç‡∏≠‡∏ß‡∏¥‡∏ò‡∏µ‡πÅ‡∏ô‡∏∞‡∏ô‡∏≥‡πÅ‡∏Å‡πâ‡∏≠‡∏≤‡∏Å‡∏≤‡∏£ ‡πÄ‡∏ö‡∏∑‡πâ‡∏≠‡∏á‡∏ï‡πâ‡∏ô‡∏î‡πâ‡∏ß‡∏¢‡∏ô‡∏∞‡∏Ñ‡∏£‡∏±‡∏ö
6:52	Somsri	‡∏û‡∏ö‡∏ß‡∏¥‡∏ò‡∏µ‡∏•‡∏î‡∏Å‡∏≤‡∏£‡πÑ‡∏≠ ‡∏î‡πâ‡∏ß‡∏¢ Vicks Vaporub ‡πÅ‡∏•‡∏∞‡πÑ‡∏î‡πâ‡∏ú‡∏• 100% 
‡πÉ‡∏ä‡πâ‡∏¢‡∏≤ Vicks Vaporub .. ‡∏ó‡∏≤..‡πÄ‡∏û‡∏∑‡πà‡∏≠‡∏ä‡πà‡∏ß‡∏¢‡∏•‡∏î‡∏≠‡∏≤‡∏Å‡∏≤‡∏£‡πÑ‡∏≠‡πÅ‡∏ö‡∏ö Amazing ! 
‡πÄ‡∏õ‡πá‡∏ô‡∏Ç‡πâ‡∏≠‡∏°‡∏π‡∏• ‡∏ó‡∏µ‡πà‡πÑ‡∏î‡πâ‡∏£‡∏±‡∏ö‡∏Ç‡πâ‡∏≠‡∏Ñ‡∏ß‡∏≤‡∏°‡∏à‡∏≤‡∏Å‡∏ï‡πà‡∏≤‡∏á‡∏õ‡∏£‡∏∞‡πÄ‡∏ó‡∏®‡∏ó‡∏µ‡πà‡πÑ‡∏î‡πâ‡∏û‡∏ö‡∏ß‡∏¥‡∏ò‡∏µ‡∏•‡∏î‡∏Å‡∏≤‡∏£‡πÑ‡∏≠ ‡∏î‡πâ‡∏ß‡∏¢ Vicks Vaporub ‡πÅ‡∏•‡∏∞‡πÑ‡∏î‡πâ‡∏ú‡∏• 100% ‚Ä¶. ‡∏î‡πâ‡∏ß‡∏¢‡πÄ‡∏ô‡∏∑‡πâ‡∏≠‡∏´‡∏≤‡πÇ‡∏î‡∏¢‡∏™‡∏£‡∏∏‡∏õ ‡∏î‡∏±‡∏á‡∏ô‡∏µ‡πâ 
‡∏°‡∏µ‡∏Å‡∏≤‡∏£‡∏ß‡∏¥‡∏à‡∏±‡∏¢‡∏à‡∏≤‡∏Å Canada Reserch Council ‡∏û‡∏ö‡∏ß‡πà‡∏≤ ‡∏Å‡∏≤‡∏£‡∏ó‡∏≤ Vick Vaporub ‡∏ó‡∏µ‡πà‡πÉ‡∏ï‡πâ‡∏ù‡πà‡∏≤‡πÄ‡∏ó‡πâ‡∏≤‡πÅ‡∏•‡∏∞‡∏™‡∏ß‡∏°‡∏ñ‡∏∏‡∏á‡πÄ‡∏ó‡πâ‡∏≤‡∏ô‡∏≠‡∏ô ‡∏à‡∏∞‡∏•‡∏î‡∏Å‡∏≤‡∏£‡πÑ‡∏≠‡πÑ‡∏î‡πâ‡∏ú‡∏• 100% ‡πÅ‡∏•‡∏∞‡∏ñ‡∏∑‡∏≠‡πÄ‡∏õ‡πá‡∏ô‡∏Å‡∏≤‡∏£‡∏¢‡∏∑‡∏ô‡∏¢‡∏±‡∏ô‡∏à‡∏≤‡∏Å‡∏ú‡∏π‡πâ‡∏ó‡∏µ‡πà‡πÄ‡∏Ñ‡∏¢‡∏ó‡∏î‡∏•‡∏≠‡∏á‡∏ó‡∏±‡πâ‡∏á‡πÄ‡∏î‡πá‡∏Å ‡πÅ‡∏•‡∏∞ ‡∏ú‡∏π‡πâ‡πÉ‡∏´‡∏ç‡πà‡∏ó‡∏µ‡πà‡πÄ‡∏ß‡∏•‡∏≤‡∏ô‡∏≠‡∏ô‡∏°‡∏µ‡∏≠‡∏≤‡∏Å‡∏≤‡∏£‡πÑ‡∏≠‡πÅ‡∏•‡∏∞‡∏™‡∏≤‡∏°‡∏≤‡∏£‡∏ñ‡∏•‡∏î‡∏Å‡∏≤‡∏£‡πÑ‡∏≠‡πÑ‡∏î‡πâ‡∏≠‡∏¢‡πà‡∏≤‡∏á‡∏≠‡∏±‡∏®‡∏à‡∏£‡∏£‡∏¢‡πå ( Amazing! ) 
‡∏ú‡∏°‡πÑ‡∏î‡πâ‡∏°‡∏≤‡πÄ‡∏´‡∏°‡∏∑‡∏≠‡∏ô‡∏Å‡∏±‡∏ô   ‡∏ï‡∏≠‡∏ô‡πÅ‡∏£‡∏Å‡∏≠‡πà‡∏≤‡∏ô‡πÅ‡∏•‡πâ‡∏ß‡∏Å‡πá‡∏Ñ‡∏¥‡∏î‡∏ß‡πà‡∏≤ ‡∏Ñ‡∏á‡πÄ‡∏õ‡πá‡∏ô‡πÄ‡∏£‡∏∑‡πà‡∏≠‡∏á‡∏™‡πà‡∏á‡∏Å‡∏±‡∏ô‡πÄ‡∏•‡πà‡∏ô‡πÜ   ‡∏ú‡∏°‡πÄ‡∏≠‡∏á‡∏¢‡∏±‡∏á‡∏™‡πà‡∏á‡∏ï‡πà‡∏≠‡πÉ‡∏´‡πâ‡πÄ‡∏û‡∏∑‡πà‡∏≠‡∏ô‡πÜ‡πÄ‡∏•‡∏¢   ‡πÅ‡∏•‡∏∞‡∏™‡πà‡∏á‡πÉ‡∏´‡πâ‡∏Ñ‡∏∏‡∏ì 1000 ‡∏£‡∏∞‡∏¢‡∏≤ ‡∏ã‡∏∂‡πà‡∏á‡πÄ‡∏õ‡πá‡∏ô‡∏≠‡∏î‡∏µ‡∏ï‡∏û‡∏¢‡∏≤‡∏ö‡∏≤‡∏•‡∏î‡πâ‡∏ß‡∏¢ ‡πÄ‡∏ò‡∏≠‡∏Å‡πá‡∏ö‡∏≠‡∏Å‡∏ß‡πà‡∏≤ ‡∏à‡∏∞‡∏ô‡πà‡∏≤‡πÄ‡∏ä‡∏∑‡πà‡∏≠‡∏ñ‡∏∑‡∏≠‡πÄ‡∏´‡∏£‡∏≠ ? 
‡∏à‡∏ô‡πÄ‡∏°‡∏∑‡πà‡∏≠‡∏™‡∏±‡∏õ‡∏î‡∏≤‡∏´‡πå‡∏ó‡∏µ‡πà‡∏ú‡πà‡∏≤‡∏ô‡∏°‡∏≤   ‡∏ú‡∏°‡πÑ‡∏õ‡∏ö‡πâ‡∏≤‡∏ô‡∏Ñ‡∏∏‡∏ì‡πÅ‡∏°‡πà ‡πÄ‡∏à‡∏≠‡∏ô‡πâ‡∏≠‡∏á‡∏™‡∏≤‡∏ß‡∏´‡∏ô‡πâ‡∏≤‡∏ï‡∏≤‡∏≠‡∏¥‡∏î‡πÇ‡∏£‡∏¢   ‡πÄ‡∏ò‡∏≠‡∏ö‡∏≠‡∏Å‡∏ß‡πà‡∏≤ ‡∏ô‡∏≠‡∏ô‡πÑ‡∏°‡πà‡∏´‡∏•‡∏±‡∏ö‡∏°‡∏≤‡∏´‡∏•‡∏≤‡∏¢‡∏Ñ‡∏∑‡∏ô‡πÅ‡∏•‡πâ‡∏ß ‡∏ï‡∏±‡πâ‡∏á‡πÅ‡∏ï‡πà‡πÄ‡∏õ‡πá‡∏ô‡∏´‡∏ß‡∏±‡∏î ‡∏´‡∏≤‡∏¢‡πÑ‡∏Ç‡πâ‡πÅ‡∏•‡πâ‡∏ß ‡πÅ‡∏ï‡πà‡∏¢‡∏±‡∏á‡πÑ‡∏≠‡πÑ‡∏°‡πà‡∏´‡∏¢‡∏∏‡∏î   ‡πÇ‡∏î‡∏¢‡πÄ‡∏â‡∏û‡∏≤‡∏∞‡∏≠‡∏¢‡πà‡∏≤‡∏á‡∏¢‡∏¥‡πà‡∏á‡πÄ‡∏ß‡∏•‡∏≤‡∏•‡πâ‡∏°‡∏ï‡∏±‡∏ß‡∏•‡∏á‡∏ô‡∏≠‡∏ô ‡∏û‡∏≠‡πÄ‡∏Ñ‡∏•‡∏¥‡πâ‡∏°‡πÜ‡∏à‡∏∞‡∏´‡∏•‡∏±‡∏ö‡πÄ‡∏õ‡πá‡∏ô‡∏≠‡∏±‡∏ô‡∏ï‡πâ‡∏≠‡∏á‡∏ï‡∏∑‡πà‡∏ô ‡πÄ‡∏û‡∏£‡∏≤‡∏∞‡∏à‡∏∞‡∏£‡∏∞‡∏Ñ‡∏≤‡∏¢‡∏Ñ‡∏≠ ‡πÑ‡∏≠‡πÅ‡∏•‡πâ‡∏ß‡πÑ‡∏≠‡∏≠‡∏µ‡∏Å   
‡∏ú‡∏°‡∏ô‡∏∂‡∏Å‡∏ñ‡∏∂‡∏á‡πÄ‡∏°‡∏•‡πå‡∏ó‡∏µ‡πà‡πÄ‡∏Ñ‡∏¢‡πÑ‡∏î‡πâ‡∏£‡∏±‡∏ö   ‡πÄ‡∏•‡∏¢‡πÅ‡∏ô‡∏∞‡∏ô‡∏≥‡πÑ‡∏õ‡∏ß‡πà‡∏≤ ‡∏ô‡πâ‡∏≠‡∏á‡∏•‡∏≠‡∏á‡πÄ‡∏≠‡∏≤‡∏ß‡∏¥‡∏Ñ‡∏ó‡∏≤‡∏ó‡∏µ‡πà‡πÄ‡∏ó‡πâ‡∏≤‡πÅ‡∏•‡πâ‡∏ß‡πÉ‡∏™‡πà‡∏ñ‡∏∏‡∏á‡πÄ‡∏ó‡πâ‡∏≤‡∏ô‡∏≠‡∏ô‡∏î‡∏π‡∏ô‡∏∞   ‡∏û‡∏µ‡πà‡πÑ‡∏î‡πâ‡∏£‡∏±‡∏ö‡πÄ‡∏°‡∏•‡πå‡∏°‡∏≤‡∏¢‡∏±‡∏á‡πÑ‡∏°‡πà‡πÄ‡∏Ñ‡∏¢‡∏•‡∏≠‡∏á   ‡πÑ‡∏°‡πà‡∏£‡∏π‡πâ‡∏à‡∏∞‡πÑ‡∏î‡πâ‡∏ú‡∏•‡∏´‡∏£‡∏∑‡∏≠‡πÑ‡∏°‡πà   ‡πÅ‡∏ï‡πà‡∏•‡∏≠‡∏á‡πÑ‡∏õ‡∏Å‡πá‡πÑ‡∏°‡πà‡πÄ‡∏™‡∏µ‡∏¢‡∏´‡∏≤‡∏¢ ‡πÄ‡∏ò‡∏≠‡∏Å‡πá‡∏ö‡∏≠‡∏Å‡∏ß‡πà‡∏≤ ‡∏Å‡∏•‡∏≤‡∏á‡∏Ñ‡∏∑‡∏ô‡∏ó‡∏≤‡∏ß‡∏¥‡∏Ñ‡∏ó‡∏µ‡πà‡∏Ñ‡∏≠ ‡∏ó‡∏µ‡πà‡∏≠‡∏Å ‡∏ó‡∏µ‡πà‡∏à‡∏°‡∏π‡∏Å ‡∏Å‡πá‡πÑ‡∏°‡πà‡πÑ‡∏î‡πâ‡∏ú‡∏•   ‡∏ï‡∏Å‡∏•‡∏á‡∏à‡∏∞‡πÉ‡∏´‡πâ‡∏ó‡∏≤‡∏ó‡∏µ‡πà‡πÄ‡∏ó‡πâ‡∏≤‡πÄ‡∏´‡∏£‡∏≠   ‡πÄ‡∏≠‡πâ‡∏≤‡∏à‡∏∞‡πÑ‡∏õ‡∏•‡∏≠‡∏á‡∏î‡∏π 
‡∏û‡∏≠‡∏£‡∏∏‡πà‡∏á‡πÄ‡∏ä‡πâ‡∏≤ 7 ‡πÇ‡∏°‡∏á‡πÄ‡∏ä‡πâ‡∏≤ ‡πÄ‡∏ò‡∏≠‡∏Å‡πá‡πÇ‡∏ó‡∏£‡πÄ‡∏Ç‡πâ‡∏≤‡∏°‡∏∑‡∏≠‡∏ñ‡∏∑‡∏≠‡∏ú‡∏° ‡∏ö‡∏≠‡∏Å‡∏ß‡πà‡∏≤ ‡∏û‡∏µ‡πà‡πÜ‡πÜ‡πÜ   ‡πÑ‡∏î‡πâ‡∏ú‡∏•‡∏à‡∏£‡∏¥‡∏á‡πÜ‡∏î‡πâ‡∏ß‡∏¢ ‡πÄ‡∏°‡∏∑‡πà‡∏≠‡∏Ñ‡∏∑‡∏ô‡∏ó‡∏≤‡∏ß‡∏¥‡∏Ñ‡∏ó‡∏µ‡πà‡∏ù‡πà‡∏≤‡πÄ‡∏ó‡πâ‡∏≤ ‡∏ó‡∏≤‡πÑ‡∏õ‡∏ô‡∏ß‡∏î‡πÑ‡∏õ ‡πÅ‡∏•‡πâ‡∏ß‡πÉ‡∏™‡πà‡∏ñ‡∏∏‡∏á‡πÄ‡∏ó‡πâ‡∏≤‡∏ô‡∏≠‡∏ô ‡∏õ‡∏£‡∏≤‡∏Å‡∏è‡∏ß‡πà‡∏≤ ‡∏´‡∏•‡∏±‡∏ö‡πÄ‡∏õ‡πá‡∏ô‡∏ï‡∏≤‡∏¢‡∏ó‡∏±‡πâ‡∏á‡∏Ñ‡∏∑‡∏ô ‡πÑ‡∏°‡πà‡∏°‡∏µ‡∏≠‡∏≤‡∏Å‡∏≤‡∏£‡πÑ‡∏≠‡∏≠‡∏µ‡∏Å‡πÄ‡∏•‡∏¢ 
‡∏Æ‡∏±‡πà‡∏ô‡πÅ‡∏ô‡πà   ‡πÑ‡∏î‡πâ‡∏ú‡∏•‡∏à‡∏£‡∏¥‡∏á‡πÜ‡∏ß‡∏∏‡πâ‡∏¢... 
‡∏à‡∏ô‡πÄ‡∏°‡∏∑‡πà‡∏≠‡∏™‡∏≠‡∏á‡∏ß‡∏±‡∏ô‡∏Å‡πà‡∏≠‡∏ô‡∏•‡∏π‡∏Å‡∏™‡∏≤‡∏ß‡∏ó‡∏≥‡∏ó‡πà‡∏≤‡∏à‡∏∞‡πÄ‡∏õ‡πá‡∏ô‡∏´‡∏ß‡∏±‡∏î ‡πÑ‡∏≠‡∏Ñ‡πà‡∏≠‡∏Å‡πÑ‡∏≠‡πÅ‡∏Ñ‡πà‡∏Å ‡πÄ‡∏û‡∏£‡∏≤‡∏∞‡πÑ‡∏õ‡∏ß‡πà‡∏≤‡∏¢‡∏ô‡πâ‡∏≥‡∏°‡∏≤   ‡∏Å‡πà‡∏≠‡∏ô‡∏ô‡∏≠‡∏ô ‡πÑ‡∏≠‡∏à‡∏ô‡∏û‡πà‡∏≠‡∏Å‡∏•‡∏±‡∏ß‡∏à‡∏∞‡πÑ‡∏≠‡πÅ‡∏•‡πâ‡∏ß‡∏≠‡∏≤‡πÄ‡∏à‡∏µ‡∏¢‡∏ô‡∏ï‡∏≤‡∏°‡∏õ‡∏£‡∏∞‡∏™‡∏≤‡πÄ‡∏î‡πá‡∏Å ‡πÄ‡∏•‡∏¢‡∏ö‡∏≠‡∏Å‡∏•‡∏π‡∏Å‡∏™‡∏≤‡∏ß‡∏ß‡πà‡∏≤ ‡πÄ‡∏≠‡∏≤‡πÄ‡∏ó‡πâ‡∏≤‡∏°‡∏≤ ‡∏à‡∏∞‡∏ó‡∏≤‡∏¢‡∏≤‡πÉ‡∏´‡πâ‡∏Å‡πà‡∏≠‡∏ô‡∏ô‡∏≠‡∏ô   ‡πÅ‡∏•‡πâ‡∏ß‡∏Å‡πá‡πÄ‡∏≠‡∏≤‡∏ß‡∏¥‡∏Ñ‡∏ó‡∏≤‡∏ó‡∏µ‡πà‡πÄ‡∏ó‡πâ‡∏≤‡∏ó‡∏±‡πâ‡∏á‡∏™‡∏≠‡∏á‡∏Ç‡πâ‡∏≤‡∏á ‡∏ô‡∏ß‡∏î‡πÄ‡∏ö‡∏≤‡πÜ ‡πÅ‡∏•‡πâ‡∏ß‡πÉ‡∏™‡πà‡∏ñ‡∏∏‡∏á‡πÄ‡∏ó‡πâ‡∏≤‡πÉ‡∏´‡πâ‡πÄ‡∏ò‡∏≠   ‡∏ï‡∏≠‡∏ô‡∏ó‡∏µ‡πà‡πÄ‡∏ò‡∏≠‡πÄ‡∏£‡∏¥‡πà‡∏°‡∏ô‡∏≠‡∏ô‡∏Å‡πá‡∏¢‡∏±‡∏á‡πÑ‡∏≠ ‡∏≠‡∏¢‡∏π‡πà‡πÄ‡∏•‡∏¢ ‡∏û‡∏≠‡∏´‡∏•‡∏±‡∏ö‡∏™‡∏ô‡∏¥‡∏ó ‡πÑ‡∏°‡πà‡πÑ‡∏î‡πâ‡∏¢‡∏¥‡∏ô‡πÄ‡∏™‡∏µ‡∏¢‡∏á‡πÑ‡∏≠‡∏à‡∏≤‡∏Å‡πÄ‡∏ò‡∏≠‡∏≠‡∏µ‡∏Å‡πÄ‡∏•‡∏¢‡∏à‡∏ô‡πÄ‡∏ä‡πâ‡∏≤ 
‡πÄ‡∏´‡πá‡∏ô‡∏ß‡πà‡∏≤ ‡πÑ‡∏î‡πâ‡∏ú‡∏•‡∏à‡∏£‡∏¥‡∏á ‡∏à‡∏≤‡∏Å‡∏Ñ‡∏ô‡πÉ‡∏Å‡∏•‡πâ‡∏ï‡∏±‡∏ß‡∏ó‡∏µ‡πà‡∏ó‡∏î‡∏•‡∏≠‡∏á‡∏°‡∏≤‡πÅ‡∏•‡πâ‡∏ß ‡πÄ‡∏•‡∏¢‡∏°‡∏≤‡∏ö‡∏≠‡∏Å‡∏ï‡πà‡∏≠   ‡πÄ‡∏ú‡∏∑‡πà‡∏≠‡∏ß‡πà‡∏≤ ‡πÉ‡∏Ñ‡∏£‡∏°‡∏µ‡∏≠‡∏≤‡∏Å‡∏≤‡∏£‡πÅ‡∏ö‡∏ö‡∏ô‡∏µ‡πâ ‡∏´‡∏£‡∏∑‡∏≠ ‡∏°‡∏µ‡∏•‡∏π‡∏Å ‡∏°‡∏µ‡∏´‡∏•‡∏≤‡∏ô ‡∏°‡∏µ‡∏ç‡∏≤‡∏ï‡∏¥ ‡πÑ‡∏≠‡∏ï‡∏≠‡∏ô‡∏Å‡∏•‡∏≤‡∏á‡∏Ñ‡∏∑‡∏ô ‡∏Å‡πá‡∏•‡∏≠‡∏á‡πÄ‡∏≠‡∏≤‡πÑ‡∏õ‡πÉ‡∏ä‡πâ‡∏î‡∏π‡∏ô‡∏∞‡∏Ñ‡∏£‡∏±‡∏ö
‡∏û‡∏ß‡∏Å‡πÄ‡∏£‡∏≤‡∏ñ‡πâ‡∏≤‡πÉ‡∏Ñ‡∏£‡∏°‡∏µ‡∏õ‡∏±‡∏ç‡∏´‡∏≤‡∏î‡∏±‡∏á‡∏Å‡∏•‡πà‡∏≤‡∏ß‡∏Å‡πá‡∏ô‡∏≥‡πÑ‡∏õ‡∏•‡∏≠‡∏á‡∏ó‡∏≥‡∏î‡∏π ‡∏´‡∏≤‡∏Å‡πÉ‡∏ä‡πâ‡πÑ‡∏î‡πâ‡∏ú‡∏•....‡∏ä‡πà‡∏ß‡∏¢‡πÅ‡∏à‡πâ‡∏á‡∏ö‡∏≠‡∏Å‡∏Ñ‡∏ô‡∏≠‡∏∑‡πà‡∏ô‡πÜ‡∏î‡πâ‡∏ß‡∏¢ ‡∏ñ‡∏∑‡∏≠‡πÄ‡∏õ‡πá‡∏ô‡∏ß‡∏¥‡∏ó‡∏¢‡∏≤‡∏ó‡∏≤‡∏ô ‡πÅ‡∏•‡∏∞ ‡∏ä‡πà‡∏ß‡∏¢‡πÉ‡∏´‡πâ‡∏Ñ‡∏ô‡∏´‡∏≤‡∏¢‡∏õ‡πà‡∏ß‡∏¢‡∏à‡∏≤‡∏Å  ‡∏Å‡∏≤‡∏£‡πÑ‡∏≠‡∏ó‡∏µ‡πà‡∏ó‡∏∏‡∏Å‡∏Ç‡πå‡∏ó‡∏£‡∏°‡∏≤‡∏£‡∏à‡∏∞‡πÑ‡∏î‡πâ‡∏ú‡∏•‡∏ö‡∏∏‡∏ç‡∏≠‡∏±‡∏ô‡∏¢‡∏¥‡πà‡∏á‡πÉ‡∏´‡∏ç‡πà 
‡∏™‡∏∏‡∏î‡∏ó‡πâ‡∏≤‡∏¢ ‡∏Ç‡∏≠‡πÉ‡∏´‡πâ‡∏≠‡∏≤‡∏Å‡∏≤‡∏£‡∏ó‡∏µ‡πà‡πÄ‡∏Ñ‡∏¢‡πÑ‡∏≠‡∏à‡∏á‡∏´‡∏≤‡∏¢‡πÑ‡∏õ
‡∏Å‡∏≤‡∏£‡∏ô‡∏≠‡∏ô‡πÑ‡∏°‡πà‡∏´‡∏•‡∏±‡∏ö‡∏´‡∏£‡∏∑‡∏≠‡∏£‡∏π‡πâ‡∏™‡∏∂‡∏Å‡∏£‡∏≥‡∏Ñ‡∏≤‡∏ç‡πÄ‡∏ß‡∏•‡∏≤‡∏ô‡∏≠‡∏ô‡πÑ‡∏°‡πà‡∏™‡∏≤‡∏°‡∏≤‡∏£‡∏ñ‡∏´‡∏•‡∏±‡∏ö‡∏ï‡πà‡∏≠‡πÄ‡∏ô‡∏∑‡πà‡∏≠‡∏á‡∏Å‡πá‡∏à‡∏∞‡∏´‡∏°‡∏î‡πÑ‡∏õ
‡∏ó‡∏µ‡πà‡∏™‡∏≥‡∏Ñ‡∏±‡∏ç‡∏ö‡∏∏‡∏ï‡∏£‡∏´‡∏•‡∏≤‡∏ô‡∏ó‡∏µ‡πà‡πÄ‡∏Ñ‡∏¢‡∏ï‡πâ‡∏≠‡∏á‡∏ó‡∏ô‡∏ó‡∏∏‡∏Å‡∏Ç‡πå‡∏Å‡∏±‡∏ö‡∏Å‡∏≤‡∏£‡∏Å‡∏¥‡∏ô‡∏¢‡∏≤‡πÅ‡∏Å‡πâ‡πÑ‡∏≠‡∏≠‡∏¢‡πà‡∏≤‡∏á‡∏ï‡πà‡∏≠‡πÄ‡∏ô‡∏∑‡πà‡∏≠‡∏á ( ‡∏≠‡∏≤‡∏à‡∏°‡∏µ‡∏ú‡∏•‡∏Ç‡πâ‡∏≤‡∏á‡πÄ‡∏Ñ‡∏µ‡∏¢‡∏á‡∏Å‡πá‡∏ó‡∏≥‡πÉ‡∏´‡πâ‡∏ú‡∏π‡πâ‡∏õ‡∏Å‡∏Ñ‡∏£‡∏≠‡∏á‡∏´‡∏°‡∏î‡∏Å‡∏±‡∏á‡∏ß‡∏•‡∏ó‡∏±‡πâ‡∏á‡πÄ‡∏£‡∏∑‡πà‡∏≠‡∏á‡∏£‡∏≤‡∏¢‡∏à‡πà‡∏≤‡∏¢ ‡πÅ‡∏•‡∏∞ ‡∏Ñ‡∏ß‡∏≤‡∏°‡∏õ‡∏•‡∏≠‡∏î‡∏†‡∏±‡∏¢‡∏Ç‡∏≠‡∏á‡∏ú‡∏•‡∏Ç‡πâ‡∏≤‡∏á‡πÄ‡∏Ñ‡∏µ‡∏¢‡∏á‡∏ï‡πà‡∏≠‡πÄ‡∏î‡πá‡∏Å‡πÜ
‡∏≠‡∏¢‡πà‡∏≤‡∏•‡∏∑‡∏° forward mail ‡∏î‡∏µ‡πÜ ‡πÄ‡∏ä‡πà‡∏ô‡∏ô‡∏µ‡πâ‡πÉ‡∏´‡πâ‡∏Å‡∏±‡∏ö‡∏Ñ‡∏ô‡∏ó‡∏µ‡πà‡∏Ñ‡∏∏‡∏ì‡∏£‡∏±‡∏Å ‡πÅ‡∏•‡∏∞ ‡∏´‡πà‡∏ß‡∏á‡πÉ‡∏¢ ‡πÄ‡∏û‡∏∑‡πà‡∏≠‡∏™‡∏±‡∏á‡∏Ñ‡∏°‡πÅ‡∏•‡∏∞‡∏û‡∏ß‡∏Å‡πÄ‡∏£‡∏≤‡∏Ñ‡∏ô‡πÑ‡∏ó‡∏¢‡∏ó‡∏±‡πà‡∏ß‡∏õ‡∏£‡∏∞‡πÄ‡∏ó‡∏®‡∏Ñ‡∏£‡∏±‡∏ö ‡πÄ‡∏û‡∏∑‡πà‡∏≠‡πÇ‡∏õ‡∏£‡∏î‡∏ó‡∏£‡∏≤‡∏ö‡πÅ‡∏•‡∏∞‡∏ô‡∏≥‡πÑ‡∏õ‡∏•‡∏≠‡∏á‡∏õ‡∏è‡∏¥‡∏ö‡∏±‡∏ï‡∏¥‡∏Ñ‡∏£‡∏±‡∏ö 
7:15	Am-on	‡∏Å‡∏≤‡∏£‡πÑ‡∏≠‡∏ö‡πà‡∏á‡∏ö‡∏≠‡∏Å‡∏£‡πà‡∏≤‡∏á‡∏Å‡∏≤‡∏¢‡∏°‡∏µ‡∏™‡∏¥‡πà‡∏á‡πÑ‡∏°‡πà‡∏™‡∏°‡∏î‡∏∏‡∏•‡∏û‡∏¢‡∏≤‡∏¢‡∏≤‡∏°‡∏Ç‡∏±‡∏ö‡∏ó‡∏¥‡πâ‡∏á‡∏ã‡∏∂‡πà‡∏á‡πÄ‡∏õ‡πá‡∏ô‡∏Å‡∏•‡πÑ‡∏Å‡∏Ç‡∏≠‡∏á‡∏£‡πà‡∏≤‡∏á‡∏Å‡∏≤‡∏¢‡∏î‡∏π‡∏ó‡∏µ‡πà‡∏≠‡∏≤‡∏´‡∏≤‡∏£‡∏°‡∏∑‡πâ‡∏≠‡∏ó‡∏µ‡πà‡∏ú‡πà‡∏≤‡∏ô‡∏°‡∏≤‡∏ß‡πà‡∏≤‡πÄ‡∏≠‡∏≤‡∏≠‡∏∞‡πÑ‡∏£‡πÄ‡∏Ç‡πâ‡∏≤‡∏£‡πà‡∏≤‡∏á‡∏Å‡∏≤‡∏¢‡∏à‡∏∞‡∏£‡∏±‡∏Å‡∏©‡∏≤‡∏ï‡πâ‡∏≠‡∏á‡πÄ‡∏≠‡∏≤‡∏™‡πà‡∏ß‡∏ô‡πÄ‡∏Å‡∏¥‡∏ô‡∏ô‡∏µ‡πâ‡∏≠‡∏≠‡∏Å‡πÑ‡∏õ‡∏°‡∏µ‡∏´‡∏•‡∏≤‡∏¢‡∏ß‡∏¥‡∏ò‡∏µ‡πÄ‡∏ä‡πà‡∏ô  ‡∏Å‡∏±‡∏ß‡∏ã‡∏≤ ‡∏î‡∏µ‡∏ó‡πâ‡∏≠‡∏Å‡∏ã‡πå‡∏≠‡∏≠‡∏Å‡πÅ‡∏•‡πâ‡∏ß‡∏à‡∏¥‡∏ö‡∏ô‡∏≥‡πâ‡∏°‡∏∞‡∏ô‡∏≤‡∏ß‡∏Ç‡∏≠‡∏á‡πÄ‡∏õ‡∏£‡∏µ‡πâ‡∏¢‡∏ß‡∏à‡∏∞‡∏ó‡∏≥‡∏•‡∏≤‡∏¢‡πÄ‡∏™‡∏°‡∏´‡∏∞‡πÉ‡∏´‡πâ‡∏™‡∏•‡∏≤‡∏¢‡∏ï‡∏±‡∏ß
7:18	Am-on	‡∏Å‡∏≤‡∏£‡∏Å‡∏î‡∏à‡∏∏‡∏î‡πÄ‡∏™‡πâ‡∏ô‡∏•‡∏°‡∏õ‡∏£‡∏≤‡∏ì‡πÄ‡∏õ‡πá‡∏ô‡∏Å‡∏≤‡∏£‡∏£‡∏∞‡∏ö‡∏≤‡∏¢‡∏û‡∏¥‡∏©‡∏ó‡∏≤‡∏á‡∏£‡∏∞‡∏ö‡∏ö‡πÄ‡∏™‡πâ‡∏ô‡∏õ‡∏£‡∏∞‡∏™‡∏≤‡∏óNerve‡∏à‡∏∞‡∏ä‡πà‡∏ß‡∏¢‡πÉ‡∏´‡πâ‡∏´‡∏≤‡∏¢‡πÄ‡∏£‡πá‡∏ß‡∏Ç‡∏∂‡πâ‡∏ô
7:19	Am-on	‡πÄ‡∏™‡πâ‡∏ô‡∏õ‡∏≠‡∏î‡∏≠‡∏¢‡πà‡∏π‡∏ó‡∏µ‡πà‡∏Ç‡πâ‡∏≠‡∏°‡∏∑‡∏≠  ‡πÄ‡∏õ‡∏¥‡∏î‡∏î‡∏π‡∏¢‡∏≤9‡πÄ‡∏°‡πá‡∏î‡∏Ç‡∏≠‡∏á‡πÅ‡∏û‡∏ó‡∏¢‡πå‡∏ß‡∏¥‡∏ñ‡∏µ‡∏ò‡∏£‡∏£‡∏°‡πÑ‡∏î‡πâ‡∏Ç‡∏≠‡∏á‡∏ü‡∏£‡∏µ‡∏Ñ‡∏∞‡πà
7:20	Am-on	‡∏û‡∏∂‡πà‡∏á‡∏ï‡∏ô‡πÉ‡∏´‡πâ‡πÑ‡∏î‡πâ‡∏´‡∏°‡∏≠‡∏ó‡∏µ‡πà‡∏î‡∏µ‡∏ó‡∏µ‡πà‡∏™‡∏∏‡∏î‡∏Ñ‡∏∑‡∏≠‡∏ï‡∏±‡∏ß‡πÄ‡∏£‡∏≤‡πÄ‡∏≠‡∏á
7:24	Am-on	‡∏à‡∏á‡∏°‡∏µ‡∏à‡∏¥‡∏ï‡πÑ‡∏°‡πà‡∏´‡∏ß‡∏±‡πà‡∏ô‡πÑ‡∏´‡∏ß‡∏≠‡∏¢‡πà‡∏≤‡πÇ‡∏Å‡∏£‡∏ò‡∏≠‡∏¢‡πà‡∏≤‡∏£‡∏≥‡∏Ñ‡∏≤‡∏ç‡∏≠‡∏¢‡πà‡∏≤‡∏Å‡∏•‡∏±‡∏ß‡∏≠‡∏¢‡πà‡∏≤‡πÄ‡∏£‡πà‡∏á‡∏ú‡∏•‡∏ó‡∏≥‡πÉ‡∏à‡∏´‡∏≤‡∏¢‡πÄ‡∏°‡∏∑‡πà‡∏≠‡πÑ‡∏´‡∏£‡πà‡∏Å‡πá‡πÄ‡∏°‡∏∑‡πà‡∏≠‡∏ô‡πâ‡∏±‡∏ô‡πÉ‡∏à‡πÄ‡∏õ‡πá‡∏ô‡∏™‡∏∏‡∏Ç‡∏à‡∏∞‡∏´‡∏≤‡∏¢‡πÄ‡∏£‡πá‡∏ß‡∏Ñ‡∏∞‡∏ó‡∏∏‡∏Å‡∏≠‡∏¢‡πà‡∏≤‡∏á‡∏≠‡∏¢‡πà‡∏π‡∏ó‡∏µ‡πà‡∏à‡∏¥‡∏ï
7:25	15_SIRIPORN	‡πÄ‡∏à‡∏£‡∏¥‡∏ç‡∏ò‡∏£‡∏£‡∏°‡∏Ñ‡πà‡∏∞ ‡∏≠‡∏≤‡∏Å‡∏≤‡∏£‡∏õ‡∏ß‡∏î‡∏ó‡πâ‡∏≠‡∏á‡∏ô‡πâ‡∏≠‡∏¢ ‡∏õ‡∏ß‡∏î‡πÄ‡∏≠‡∏ß‡πÄ‡∏ß‡∏•‡∏≤‡πÑ‡∏Ç‡πà‡∏ï‡∏Å ‡∏£‡πà‡∏ß‡∏°‡∏Å‡∏±‡∏ö‡∏°‡∏µ‡∏ï‡∏Å‡∏Ç‡∏≤‡∏ß‡∏°‡∏≤‡∏Å‡∏Ç‡∏∂‡πâ‡∏ô‡πÄ‡∏õ‡πá‡∏ô2-3‡∏ß‡∏±‡∏ô ‡∏ä‡πà‡∏ß‡∏á‡∏ô‡∏µ‡πâ‡∏à‡∏∞‡∏õ‡∏ß‡∏î‡πÄ‡∏°‡∏∑‡πà‡∏≠‡∏¢‡∏ï‡∏≤‡∏°‡∏£‡πà‡∏≤‡∏á‡∏Å‡∏≤‡∏¢‡∏°‡∏≤‡∏Å‡∏à‡∏∞‡∏°‡∏µ‡∏ß‡∏¥‡∏ò‡∏µ‡∏ö‡∏£‡∏£‡πÄ‡∏ó‡∏≤‡∏≠‡∏¢‡πà‡∏≤‡∏á‡πÑ‡∏£‡∏ö‡πâ‡∏≤‡∏á‡∏Ñ‡πà‡∏∞
7:37	Pee2 ‡πÄ‡∏Ç‡πâ‡∏≤‡∏£‡πà‡∏ß‡∏°‡πÅ‡∏ä‡∏ó
7:44	Lah	@The Investors 2019 ‡∏™‡∏ß‡∏ô‡∏ä‡πà‡∏≠‡∏á‡∏Ñ‡∏•‡∏≠‡∏î‡∏î‡πâ‡∏ß‡∏¢‡∏õ‡∏™‡∏ß
‡πÄ‡∏Ñ‡∏¢‡∏ó‡∏≥‡∏°‡∏±‡πâ‡∏¢‡∏Ñ‡∏∞
7:45	15_SIRIPORN	@Lah ‡πÑ‡∏°‡πà‡πÄ‡∏Ñ‡∏¢‡∏Ñ‡πà‡∏∞ ‡∏ó‡∏≥‡∏¢‡∏±‡∏á‡∏á‡∏±‡∏¢?
7:58	Am-on	@15_SIRIPORN ‡∏õ‡∏£‡∏±‡∏ö‡∏™‡∏°‡∏î‡∏∏‡∏•‡∏≠‡∏≤‡∏´‡∏≤‡∏£‡∏î‡πâ‡∏ß‡∏¢‡∏ô‡∏∞‡∏Ñ‡∏∞‡∏ï‡πâ‡∏≠‡∏á‡∏´‡∏¢‡∏∏‡∏î‡∏≠‡∏≤‡∏´‡∏≤‡∏£‡∏™‡πà‡∏ß‡∏ô‡πÄ‡∏Å‡∏¥‡∏ô‡πÄ‡∏ä‡πà‡∏ô‡∏õ‡πâ‡∏á‡πÜ‡∏ô‡∏° ‡∏ú‡∏•‡πÑ‡∏°‡πâ‡∏´‡∏ß‡∏≤‡∏ô ‡πÉ‡∏ä‡πâ‡∏Ç‡πâ‡∏≤‡∏ß ‡∏ú‡∏±‡∏Å‡∏ï‡πâ‡∏°‡πÑ‡πâ‡∏ß‡∏Å‡πà‡∏≠‡∏ô‡∏ú‡∏±‡∏Å‡∏ó‡∏µ‡πà‡∏ä‡πà‡∏ß‡∏¢‡∏™‡∏•‡∏≤‡∏¢‡πÇ‡∏£‡∏ï‡∏µ‡∏ô‡∏Ñ‡∏≤‡∏£‡πÇ‡∏ö‡πÑ‡∏Æ‡πÄ‡∏î‡∏£‡∏ï‡∏™‡πà‡∏ß‡∏ô‡πÄ‡∏Å‡∏¥‡∏ô‡∏Ñ‡∏∑‡∏≠‡∏´‡∏±‡∏ß‡πÑ‡∏ä‡πÄ‡∏ó‡πâ‡∏≤ ‡∏Ç‡∏¥‡∏á‡∏•‡∏≠‡∏á‡∏î‡∏π‡∏ô‡∏∞
8:01	Am-on	‡πÅ‡∏õ‡πâ‡∏á‡πÜ‡∏Ñ‡∏∑‡∏≠‡∏Ç‡∏ô‡∏°‡∏ó‡∏∏‡∏Å‡∏ä‡∏ô‡∏¥‡∏î‡∏à‡∏∞‡∏Å‡πà‡∏≠‡πÉ‡∏´‡πâ‡πÄ‡∏Å‡∏¥‡∏îCyst‡πÉ‡∏ô‡∏£‡πà‡∏≤‡∏á‡∏Å‡∏≤‡∏¢‡πÄ‡∏Å‡∏¥‡∏î‡∏°‡∏π‡∏Å‡πÄ‡∏°‡∏∑‡∏≠‡∏Å‡∏î‡πâ‡∏ß‡∏¢
8:08	Lah	‡∏ó‡∏≥detox ‡∏ó‡∏ß‡∏≤‡∏£ ‡πÄ‡∏õ‡πá‡∏ô‡∏°‡∏±‡πâ‡∏¢‡∏Ñ‡∏∞
8:11	15_SIRIPORN	‡πÄ‡∏õ‡πá‡∏ô‡∏Ñ‡πà‡∏∞
11:22	‡∏ß‡∏≤‡∏ô‡∏£‡∏´‡∏¥‡∏°‡∏∞	‡∏Å‡∏±‡∏ß‡∏ã‡∏≤ ‡∏ö‡∏£‡∏¥‡πÄ‡∏ß‡∏ì‡πÅ‡∏ú‡πà‡∏ô‡∏´‡∏•‡∏±‡∏á
11:34	‡∏ß‡∏≤‡∏ô‡∏£‡∏´‡∏¥‡∏°‡∏∞	‡∏î‡∏∑‡πà‡∏°‡∏ô‡πâ‡∏≥‡∏™‡∏°‡∏∏‡∏ô‡πÑ‡∏û‡∏£ ‡∏¢‡πà‡∏≤‡∏ô‡∏≤‡∏á‡πÄ‡∏Ç‡∏µ‡∏¢‡∏ß ‡∏ß‡∏¥‡∏ò‡∏µ‡∏ó‡∏≥ ‡∏ô‡πâ‡∏≥‡πÉ‡∏ö‡∏¢‡πà‡∏≤‡∏ô‡∏≤‡∏á‡πÄ‡∏Ç‡∏µ‡∏¢‡∏ß 5-10‡πÉ‡∏ö‡∏•‡πâ‡∏≤‡∏á ‡∏î‡∏∑‡πà‡∏° ‡∏Ç‡∏¢‡∏µ‡πâ ‡∏´‡∏£‡∏∑‡∏≠‡∏´‡∏±‡πà‡∏ô‡∏õ‡∏±‡πà‡∏ô‡∏Å‡∏±‡∏ö‡∏ô‡πâ‡∏≥‡∏î‡∏∑‡πà‡∏° ‡πÅ‡∏•‡πâ‡∏ß‡∏Å‡∏£‡∏≠‡∏á‡πÄ‡∏≠‡∏≤‡∏ô‡πâ‡∏≥‡∏°‡∏≤‡∏î‡∏∑‡πà‡∏° ‡∏õ‡∏£‡∏¥‡∏°‡∏≤‡∏ì‡∏Ñ‡∏£‡∏∂‡πà‡∏á‡∏ñ‡∏∂‡∏á‡∏´‡∏ô‡∏∂‡πà‡∏á‡πÅ‡∏Å‡πâ‡∏ß
12:01	‡πÅ‡∏û‡∏£‡∏ß(‡∏û‡∏±‡∏ä‡∏£‡∏°‡∏•)	‡∏≠‡∏¢‡∏≤‡∏Å‡∏ó‡∏£‡∏≤‡∏ö‡∏ß‡∏¥‡∏ò‡∏µ‡∏ó‡∏≥4‡∏Ñ‡∏π‡∏ì100‡∏Ñ‡πà‡∏∞
‡∏Ç‡∏≠‡∏Ñ‡∏≥‡πÅ‡∏ô‡∏∞‡∏ô‡∏≥‡∏î‡πâ‡∏ß‡∏¢
12:05	TYPHOON	‡∏ô‡πâ‡∏≥‡∏õ‡∏™‡∏ß+‡∏ô‡πâ‡∏≥‡∏™‡∏°‡∏∏‡∏ô‡πÑ‡∏û‡∏£‡∏§‡∏ó‡∏ò‡∏¥‡πå‡πÄ‡∏¢‡πá‡∏ô(‡∏´‡∏£‡∏∑‡∏≠‡∏ô‡πâ‡∏≥‡∏Å‡∏•‡∏±‡πà‡∏ô‡∏¢‡πà‡∏≤‡∏ô‡∏≤‡∏á) +‡∏ô‡πâ‡∏≥‡∏ñ‡πà‡∏≤‡∏ô ‡πÄ‡∏ß‡∏•‡∏≤‡∏à‡∏∞‡∏ó‡∏≤‡∏ô‡∏ô‡πâ‡∏≥‡∏°‡∏±‡∏ô‡πÄ‡∏Ç‡∏µ‡∏¢‡∏ß3‡∏´‡∏¢‡∏î
12:07	TYPHOON	‡∏™‡∏±‡∏î‡∏™‡πà‡∏ß‡∏ô‡∏Å‡πá‡∏ï‡∏≤‡∏°‡∏™‡∏∞‡∏î‡∏ß‡∏Å‡∏Ñ‡∏£‡∏±‡∏ö 
‡∏ñ‡πâ‡∏≤‡πÉ‡∏ä‡πâ‡∏ô‡πâ‡∏≥‡∏Å‡∏•‡∏±‡πà‡∏ô‡∏¢‡πà‡∏≤‡∏ô‡∏≤‡∏á‡∏à‡∏∞‡∏õ‡∏£‡∏∞‡∏°‡∏≤‡∏ì2-3‡∏ä‡πâ‡∏≠‡∏ô‡πÇ‡∏ï‡πä‡∏∞ 
12:26	15_SIRIPORN	[Sticker]
12:28	‡πÅ‡∏û‡∏£‡∏ß(‡∏û‡∏±‡∏ä‡∏£‡∏°‡∏•)	‡∏Ç‡∏≠‡∏ö‡∏Ñ‡∏∏‡∏ì‡∏°‡∏≤‡∏Å‡∏Ñ‡πà‡∏∞
12:40	TYPHOON	‡∏ß‡∏¥‡∏ò‡∏µ‡∏ó‡∏≥‡∏ô‡πâ‡∏≥‡∏ñ‡πà‡∏≤‡∏ô ‡πÄ‡∏≠‡∏≤‡∏ô‡πâ‡∏≥‡πÄ‡∏õ‡∏•‡πà‡∏≤ 1‡πÅ‡∏Å‡πâ‡∏ß ‡πÉ‡∏™‡πà‡∏ú‡∏á‡∏ñ‡πà‡∏≤‡∏ô1‡∏ä‡πâ‡∏≠‡∏ô‡∏ä‡∏≤ ‡∏ó‡∏¥‡πâ‡∏á‡πÑ‡∏ß‡πâ10-20‡∏ô‡∏≤‡∏ó‡∏µ ‡∏à‡∏∞‡∏Å‡∏£‡∏≠‡∏á‡∏ú‡∏á‡∏ñ‡πà‡∏≤‡∏ô‡∏≠‡∏≠‡∏Å‡∏´‡∏£‡∏∑‡∏≠‡πÑ‡∏°‡πà‡∏Å‡πá‡πÑ‡∏î‡πâ‡∏Ñ‡∏£‡∏±‡∏ö ‡∏Å‡πá‡∏à‡∏∞‡πÑ‡∏î‡πâ‡∏ô‡πâ‡∏≥‡∏ñ‡πà‡∏≤‡∏ô @‡πÅ‡∏û‡∏£‡∏ß(‡∏û‡∏±‡∏ä‡∏£‡∏°‡∏•) 
13:48	‡∏≠‡∏£‡∏≠‡∏ô‡∏á‡∏Ñ‡πå	@Typhoon  ‡∏ß‡∏¥‡∏ò‡∏µ‡∏ó‡∏≥ ‡∏ô‡πâ‡∏≥ 4 x 100  ‡∏™‡πà‡∏ß‡∏ô‡∏ú‡∏™‡∏° ‡∏Ç‡∏≠‡∏á‡∏ô‡πâ‡∏≥‡∏°‡∏±‡∏ô‡πÄ‡∏Ç‡∏µ‡∏¢‡∏ß ‡πÄ‡∏£‡∏≤‡πÉ‡∏ä‡πâ ‡∏ô‡πâ‡∏≥‡∏°‡∏±‡∏ô‡πÄ‡∏Ç‡∏µ‡∏¢‡∏ß ‡∏ã‡∏∂‡πà‡∏á‡∏°‡∏µ‡∏™‡πà‡∏ß‡∏ô‡∏ú‡∏™‡∏° ‡∏Ç‡∏≠‡∏á‡∏û‡∏¥‡∏°‡πÄ‡∏™‡∏ô  ‡∏™‡∏≤‡∏°‡∏≤‡∏£‡∏ñ ‡∏ó‡∏≤‡∏ô‡πÑ‡∏î‡πâ‡πÑ‡∏°‡πä‡∏Ñ‡∏∞
13:49	JINKJOE	‡∏õ‡∏ß‡∏î‡∏Ç‡πâ‡∏≠‡πÄ‡∏ó‡πâ‡∏≤ ‡πÄ‡∏´‡∏°‡∏∑‡∏≠‡∏ô‡∏Å‡∏•‡πâ‡∏≤‡∏°‡πÄ‡∏ô‡∏∑‡πâ‡∏≠ ‡∏≠‡∏±‡∏Å‡πÄ‡∏™‡∏ö ‡∏™‡∏≤‡∏°‡∏≤‡∏£‡∏ñ‡∏î‡∏π‡πÅ‡∏•‡πÑ‡∏î‡πâ‡∏î‡πâ‡∏ß‡∏¢‡∏ß‡∏¥‡∏ò‡∏µ‡πÑ‡∏´‡∏ô‡∏ö‡πâ‡∏≤‡∏á‡∏Ñ‡∏∞
13:55	‡∏ó‡∏£‡∏á‡∏Å‡∏•‡∏î	‡πÄ‡∏õ‡πá‡∏ô‡∏Å‡∏≤‡∏£‡∏ß‡∏¥‡∏à‡∏±‡∏¢‡∏ó‡∏≤‡∏á‡∏Å‡∏≤‡∏£‡∏Ñ‡πâ‡∏≤‡∏Ñ‡∏£‡∏±‡∏ö ‡∏°‡∏±‡∏ô‡∏Å‡πá‡πÑ‡∏î‡πâ‡∏ú‡∏•‡∏ï‡∏≤‡∏°‡∏™‡∏°‡∏Ñ‡∏ß‡∏£ 
‡πÅ‡∏ï‡πà...‡πÄ‡∏õ‡πá‡∏ô‡πÄ‡∏Ñ‡∏°‡∏µ‡∏Ñ‡∏£‡∏±‡∏ö
‡∏ó‡πà‡∏≤‡∏ô‡πÉ‡∏î‡∏õ‡∏£‡∏∞‡∏™‡∏á‡∏Ñ‡πå ‡∏ï‡∏≤‡∏°‡πÅ‡∏ï‡πà‡∏Ñ‡∏ß‡∏≤‡∏°‡∏™‡∏ö‡∏≤‡∏¢‡πÉ‡∏à‡∏Ñ‡∏£‡∏±‡∏ö
   ‡πÄ‡∏£‡∏≤‡πÄ‡∏ô‡πâ‡∏ô ‡∏û‡∏∂‡πà‡∏á‡∏ï‡∏ô ‡∏î‡πâ‡∏ß‡∏¢‡∏ß‡∏¥‡∏ò‡∏µ‡∏õ‡∏£‡∏∞‡∏´‡∏¢‡∏±‡∏î ‡πÄ‡∏£‡∏µ‡∏¢‡∏ö‡∏á‡πà‡∏≤‡∏¢ ‡πÉ‡∏ä‡πâ‡∏™‡∏¥‡πà‡∏á‡πÉ‡∏Å‡∏•‡πâ‡∏ï‡∏±‡∏ß
‡∏´‡∏≤‡∏Å‡∏ö‡πâ‡∏≤‡∏ô‡πÄ‡∏£‡∏≤‡πÑ‡∏°‡πà‡∏°‡∏µ‡∏Ñ‡∏á‡∏ó‡∏∏‡∏Å‡∏Ç‡πå‡∏°‡∏≤‡∏Å ‡∏ö‡∏≤‡∏á‡∏ö‡πâ‡∏≤‡∏ô‡∏≠‡∏¢‡∏π‡πà‡πÑ‡∏Å‡∏•‡∏°‡∏≤‡∏Å ‡∏´‡∏≤‡∏ã‡∏∑‡πâ‡∏≠‡∏•‡∏≥‡∏ö‡∏≤‡∏Å ‡∏ö‡∏≤‡∏á‡∏ö‡πâ‡∏≤‡∏ô‡πÑ‡∏°‡πà‡∏°‡∏µ‡πÄ‡∏á‡∏¥‡∏ô‡∏ã‡∏∑‡πâ‡∏≠ ‡∏Ñ‡∏ô‡πÄ‡∏´‡∏•‡πà‡∏≤‡∏ô‡∏±‡πâ‡∏ô‡∏à‡∏∞‡πÄ‡∏õ‡πá‡∏ô‡∏ó‡∏∏‡∏Å‡∏Ç‡πç‡∏Ñ‡∏£‡∏±‡∏ö
  ‡πÄ‡∏£‡∏≤‡∏ô‡πà‡∏≤‡∏à‡∏∞‡πÄ‡∏ô‡πâ‡∏ô‡πÅ‡∏ô‡∏ß‡∏ó‡∏≤‡∏á ‡πÅ‡∏û‡∏ó‡∏¢‡πå‡∏ß‡∏¥‡∏ñ‡∏∂‡∏ò‡∏£‡∏£‡∏°‡∏Ñ‡∏£‡∏±‡∏ö ‡πÄ‡∏£‡∏≤‡∏£‡∏±‡∏Å ‡∏®‡∏£‡∏±‡∏ó‡∏ò‡∏≤ ‡πÄ‡∏ä‡∏∑‡πà‡∏≠‡∏°‡∏±‡πà‡∏ô‡∏´‡∏°‡∏≠‡πÄ‡∏Ç‡∏µ‡∏¢‡∏ß‡πÑ‡∏°‡πà‡πÉ‡∏ä‡πà‡∏´‡∏£‡∏∑‡∏≠ ‡∏Å‡∏±‡∏ß‡∏ã‡∏≤ ‡∏õ‡∏£‡∏∞‡∏Ñ‡∏ö ‡∏û‡∏≠‡∏Å‡∏ó‡∏≤ ‡∏î‡πâ‡∏ß‡∏¢‡∏™‡∏°‡∏∏‡∏ô‡πÑ‡∏û‡∏£‡∏ó‡∏µ‡πà‡∏ñ‡∏π‡∏Å‡∏Å‡∏±‡∏ô ‡∏Å‡∏≤‡∏£‡∏î‡∏µ‡∏ó‡πá‡∏≠‡∏Å ‡∏Å‡∏≤‡∏£‡∏´‡∏¢‡∏≠‡∏î‡∏´‡∏π ‡∏ï‡∏≤ ‡∏à‡∏°‡∏π‡∏Å ‡∏î‡πâ‡∏ß‡∏¢‡∏™‡∏¥‡πà‡∏á‡∏ó‡∏µ‡πà‡∏ñ‡∏π‡∏Å‡∏Å‡∏±‡∏ô‡∏õ‡∏£‡∏∞‡∏´‡∏¢‡∏±‡∏î ‡πÄ‡∏£‡∏µ‡∏¢‡∏ö‡∏á‡πà‡∏≤‡∏¢  ‡∏ú‡∏°‡∏ß‡πà‡∏≤‡∏ô‡πà‡∏≤‡∏à‡∏∞‡πÄ‡∏´‡∏°‡∏≤‡∏∞‡∏™‡∏°‡∏Å‡∏ß‡πà‡∏≤‡∏Ñ‡∏£‡∏±‡∏ö 
    ‡πÄ‡∏£‡∏≤‡πÄ‡∏ä‡∏∑‡πà‡∏≠‡∏ß‡πà‡∏≤‡∏ó‡∏µ‡πà‡∏ó‡πà‡∏≤‡∏ô‡πÄ‡∏™‡∏ô‡∏≠‡∏°‡∏≤‡∏ô‡∏±‡πâ‡∏ô‡πÑ‡∏î‡πâ‡∏ú‡∏•‡∏ï‡∏≤‡∏°‡∏Ñ‡∏ß‡∏£‡πÅ‡∏Å‡πà‡πÄ‡∏´‡∏ï‡∏∏ ‡πÄ‡∏£‡∏≤‡πÄ‡∏Ñ‡∏≤‡∏£‡∏û‡πÄ‡∏´‡∏ï‡∏∏‡∏ú‡∏•‡∏ó‡πà‡∏≤‡∏ô ‡πÄ‡∏û‡∏µ‡∏¢‡∏á‡πÅ‡∏ï‡πà...‡∏°‡∏±‡∏ô‡πÄ‡∏™‡∏µ‡∏¢‡∏ï‡∏±‡∏á‡πÅ‡∏•‡∏∞‡πÄ‡∏£‡∏≤‡∏ô‡πà‡∏≤‡∏à‡∏∞‡πÉ‡∏´‡πâ‡πÄ‡∏Å‡∏µ‡∏¢‡∏£‡∏ï‡∏¥ ‡∏Å‡∏±‡∏ö‡∏´‡∏°‡∏≠‡πÄ‡∏Ç‡∏µ‡∏¢‡∏ß‡∏î‡πâ‡∏ß‡∏¢‡∏Ñ‡∏£‡∏±‡∏ö
 ‡∏´‡∏≤‡∏Å‡∏™‡∏¥‡πà‡∏á‡πÉ‡∏î‡∏•‡πà‡∏ß‡∏á‡πÄ‡∏Å‡∏¥‡∏ô‡∏ó‡πà‡∏≤‡∏ô‡πÉ‡∏î ‡πÄ‡∏£‡∏≤‡∏Ç‡∏≠‡πÇ‡∏ó‡∏© ‡∏Ç‡∏≠‡∏ô‡πâ‡∏≠‡∏°‡∏£‡∏±‡∏ö‡∏î‡πâ‡∏ß‡∏¢‡∏¢‡∏¥‡∏ô‡∏î‡∏µ ‡πÅ‡∏•‡∏∞‡∏à‡∏∞‡∏ó‡∏≥‡∏î‡∏µ‡∏™‡∏∑‡∏ö‡πÑ‡∏õ
‡πÄ‡∏à‡∏£‡∏¥‡∏ç‡∏ò‡∏£‡∏£‡∏°‡∏Ñ‡∏£‡∏±‡∏ö   ‡∏™‡∏≤‡∏ò‡∏∏....
13:59	‡∏ó‡∏£‡∏á‡∏Å‡∏•‡∏î	‡∏Å‡πà‡∏≠‡∏ô‡∏õ‡∏ß‡∏î‡∏Ç‡πâ‡∏≠‡πÄ‡∏ó‡πâ‡∏≤  ‡∏ó‡πà‡∏≤‡∏ô‡∏ó‡∏≥‡∏≠‡∏∞‡πÑ‡∏£‡∏Ñ‡∏£‡∏±‡∏ö ‡∏ó‡∏µ‡πà‡∏ó‡πà‡∏≤‡∏ô‡∏ó‡∏≥‡πÅ‡∏•‡πâ‡∏ß‡∏ó‡πà‡∏≤‡∏ô‡∏£‡∏π‡πâ‡∏ï‡∏±‡∏ß‡∏ß‡πà‡∏≤‡∏õ‡∏ß‡∏î‡∏Ñ‡∏£‡∏±‡∏ö  ‡πÅ‡∏•‡∏∞‡∏Ç‡∏≠‡∏ó‡∏£‡∏≤‡∏ö‡∏à‡∏∏‡∏î‡∏ó‡∏µ‡πà‡∏õ‡∏ß‡∏î‡∏Ñ‡∏£‡∏±‡∏ö  ‡∏°‡∏±‡∏ô‡∏≠‡∏≤‡∏à‡πÄ‡∏Å‡∏¥‡∏î‡∏à‡∏≤‡∏Å‡∏†‡∏≤‡∏¢‡πÉ‡∏ô  
‡πÅ‡∏ï‡πà,‡πÇ‡∏î‡∏¢‡∏ó‡∏±‡πà‡∏ß‡πÑ‡∏õ ‡∏Å‡∏±‡∏ß‡∏ã‡∏≤ ‡∏û‡∏≠‡∏Å‡∏ó‡∏≤‡πÇ‡∏¢‡∏Ñ‡∏∞‡∏Å‡∏î‡∏à‡∏∏‡∏î‡∏•‡∏°‡∏õ‡∏£‡∏≤‡∏ô‡∏Ñ‡∏£‡∏±‡∏ö
14:07	‡∏ó‡∏£‡∏á‡∏Å‡∏•‡∏î	 ‡∏Å‡∏±‡∏ß‡∏ã‡∏≤‡∏î‡πâ‡∏≤‡∏ô‡∏´‡∏•‡∏±‡∏á‡∏à‡∏∏‡∏î‡∏ó‡∏µ‡πà‡∏õ‡∏ß‡∏î ‡∏û‡∏≠‡∏Å‡∏ó‡∏≤ ‡∏ó‡πâ‡∏≠‡∏á‡∏ô‡πâ‡∏≠‡∏¢ ‡πÇ‡∏¢‡∏Ñ‡∏∞ ‡∏Å‡∏î‡∏à‡∏∏‡∏î‡∏•‡∏°‡∏õ‡∏£‡∏≤‡∏ô‡∏Ñ‡∏£‡∏±‡∏ö  ‡πÅ‡∏•‡∏∞‡∏™‡∏ß‡∏ô‡∏•‡πâ‡∏≤‡∏á‡∏ä‡πà‡∏≠‡∏á‡∏Ñ‡∏•‡∏≠‡∏î‡∏Ñ‡∏£‡∏±‡∏ö ‡∏î‡πâ‡∏ß‡∏¢‡∏õ‡∏±‡∏™‡∏™‡∏≤‡∏ß‡∏∞‡∏ï‡∏ô‡πÄ‡∏≠‡∏á‡∏´‡∏£‡∏∑‡∏≠‡∏Ç‡∏≠‡∏á‡πÉ‡∏Ñ‡∏£‡∏ó‡∏µ‡πà‡πÄ‡∏£‡∏≤‡πÄ‡∏ä‡∏∑‡πà‡∏≠‡πÉ‡∏à ‡∏™‡∏≠‡∏î‡∏õ‡∏•‡∏≤‡∏¢‡∏™‡∏≤‡∏¢‡πÄ‡∏Ç‡πâ‡∏≤‡πÑ‡∏õ ‡∏õ‡∏£‡∏∞‡∏°‡∏≤‡∏ì‡∏õ‡∏≤‡∏Å‡∏°‡∏î‡∏•‡∏π‡∏Å ‡∏´‡∏£‡∏∑‡∏≠‡∏ñ‡πâ‡∏≤‡πÄ‡∏Ç‡πâ‡∏≤‡πÉ‡∏ô‡πÇ‡∏û‡∏£‡∏á‡∏°‡∏î‡∏•‡∏π‡∏Å‡πÑ‡∏î‡πâ‡∏Å‡πá‡∏ó‡∏≥ ‡πÅ‡∏•‡πâ‡∏ß‡πÅ‡∏ï‡πà‡πÄ‡∏´‡∏ï‡∏∏‡∏õ‡∏±‡∏à‡∏à‡∏±‡∏¢‡∏Ñ‡∏£‡∏±‡∏ö ‡πÅ‡∏•‡πâ‡∏ß‡∏õ‡∏•‡πà‡∏≠‡∏¢‡∏ô‡πâ‡∏≥‡πÄ‡∏Ç‡πâ‡∏≤‡πÑ‡∏õ ‡∏ô‡πâ‡∏≥‡∏à‡∏∞‡πÑ‡∏´‡∏•‡∏¢‡πâ‡∏≠‡∏ô‡∏≠‡∏≠‡∏Å‡∏°‡∏≤ ‡∏ã‡∏∂‡πà‡∏á‡πÄ‡∏õ‡πá‡∏ô‡∏õ‡∏Å‡∏ï‡∏¥ ‡∏ô‡πâ‡∏≥‡πÉ‡∏ô‡∏Ç‡∏ß‡∏î‡∏î‡∏µ‡∏ó‡πá‡∏≠‡∏Å‡∏´‡∏°‡∏î ‡∏Å‡πá‡∏à‡∏ö‡∏Ñ‡∏£‡∏±‡∏ö
‡∏™‡∏≤‡∏°‡∏≤‡∏£‡∏ñ‡∏ó‡∏≥‡πÑ‡∏î‡πâ‡∏ö‡πà‡∏≠‡∏¢‡πÄ‡∏ó‡πà‡∏≤‡∏ó‡∏µ‡πà‡∏™‡∏ö‡∏≤‡∏¢‡∏Ñ‡∏£‡∏±‡∏ö 
14:09	‡∏ó‡∏£‡∏á‡∏Å‡∏•‡∏î	‡∏ï‡πâ‡∏≠‡∏á‡∏ó‡∏≤‡∏ô‡∏™‡∏°‡∏∏‡∏ô‡πÑ‡∏û‡∏£‡πÅ‡∏•‡∏∞‡∏≠‡∏≤‡∏´‡∏≤‡∏£‡∏õ‡∏£‡∏±‡∏ö‡∏™‡∏°‡∏î‡∏∏‡∏•‡∏î‡πâ‡∏ß‡∏¢‡∏ô‡∏∞‡∏Ñ‡∏£‡∏±‡∏ö
‡∏ó‡∏µ‡πà‡∏ö‡∏≠‡∏Å‡πÑ‡∏õ‡∏ô‡∏±‡πâ‡∏ô‡∏Ñ‡∏∑‡∏≠‡∏Å‡∏≤‡∏£‡πÅ‡∏Å‡πâ‡πÑ‡∏Ç‡πÄ‡∏´‡∏ï‡∏∏‡∏Å‡∏≤‡∏£‡πÉ‡∏ô‡∏ó‡∏±‡∏ô‡∏ó‡∏µ ‡πÄ‡∏û‡∏∑‡πà‡∏≠‡∏•‡∏î‡∏Ñ‡∏ß‡∏≤‡∏°‡∏ó‡∏∏‡∏Å‡∏Ç‡πå‡∏Ñ‡∏£‡∏±‡∏ö ‡∏ó‡πà‡∏≤‡∏ô‡∏Ñ‡∏ß‡∏£‡πÉ‡∏ä‡πâ‡∏¢‡∏≤‡∏ó‡∏±‡πâ‡∏á 9 ‡πÄ‡∏°‡πá‡∏î‡∏Ñ‡∏£‡∏±‡∏ö
14:12	‡∏™‡∏∑‡πà‡∏≠‡∏™‡∏ß‡∏ô‡∏™‡∏≤‡∏° ‡πÄ‡∏Ç‡πâ‡∏≤‡∏£‡πà‡∏ß‡∏°‡πÅ‡∏ä‡∏ó
16:35	‡∏à‡∏¥‡∏£‡∏ô‡∏±‡∏ô‡∏ó‡πå ‡∏ó‡∏±‡∏ö‡πÄ‡∏ô‡∏µ‡∏¢‡∏°	‡∏à‡∏¥‡∏£‡∏ô‡∏±‡∏ô‡∏ó‡πå ‡∏ó‡∏±‡∏ö‡πÄ‡∏ô‡∏µ‡∏¢‡∏° shared an OpenChat note.
17:51	Am-on	@15_SIRIPORN @JINKJOE ‡∏™‡∏ô‡∏±‡∏ö‡∏™‡∏ô‡∏∏‡∏ô‡∏Ñ‡∏∏‡∏ì ‡∏ó‡∏£‡∏á‡∏Å‡∏£‡∏î‡∏Ñ‡∏∞‡πà‡∏ß‡∏¥‡∏ò‡∏µ‡∏Å‡∏≤‡∏£9‡∏≠‡∏¢‡πà‡∏≤‡∏á‡∏Ç‡∏≠‡∏á‡πÅ‡∏û‡∏ó‡∏¢‡πå‡∏ß‡∏¥‡∏ñ‡∏∂‡∏ò‡∏£‡∏£‡∏°‡∏ö‡∏≥‡∏ö‡∏±‡∏î‡∏ó‡∏∏‡∏Å‡πÇ‡∏£‡∏Ñ‡∏Ñ‡∏∞‡πà‡∏•‡∏≠‡∏á‡∏®‡∏∂‡∏Å‡∏©‡∏≤‡πÉ‡∏´‡πâ‡πÄ‡∏Ç‡πâ‡∏≤‡πÉ‡∏à‡∏≠‡∏¢‡πà‡∏≤‡∏á‡∏∂‡∏Å(‡∏ã‡∏∂‡πâ‡∏á‡∏°‡∏±‡∏ô‡πÅ‡∏Å‡πâ‡πÑ‡∏î‡πà‡∏à‡∏£‡∏¥‡∏á‡πÜ‡∏ñ‡∏≠‡∏ô‡∏û‡∏¥‡∏©‡πÉ‡∏´‡πâ‡πÄ‡∏õ‡πá‡∏ô ‡∏õ‡∏£‡∏±‡∏ö‡∏™‡∏°‡∏î‡∏∏‡∏•‡πÉ‡∏´‡πâ‡πÑ‡∏î‡πâ ‡∏ù‡∏∂‡∏Å‡∏à‡∏¥‡∏ï‡∏ú‡∏≤‡∏™‡∏∏‡∏Å‡πÑ‡∏°‡πà‡∏´‡∏ß‡∏±‡πà‡∏ß‡πÑ‡∏´‡∏ß‡πÉ‡∏à‡∏ï‡∏±‡πâ‡∏á‡πÅ‡∏ô‡πà‡∏ß ‡πÅ‡∏ô‡πà
17:56	Am-on	 ‡∏≠‡∏≤‡∏Å‡∏≤‡∏£‡πÑ‡∏°‡πà‡∏õ‡∏Å‡∏ï‡∏¥‡∏ó‡∏∏‡∏Å‡∏≠‡∏¢‡πà‡∏≤‡∏á‡∏ö‡∏≠‡∏Å‡∏ñ‡∏∂‡∏á‡∏Ñ‡∏ß‡∏≤‡∏°‡πÑ‡∏°‡πà‡∏™‡∏°‡∏î‡∏∏‡∏•‡πÅ‡∏Å‡πâ‡∏ó‡∏µ‡πà ‡∏≤‡∏´‡∏≤‡∏£ ‡πÅ‡∏•‡∏∞‡∏ï‡∏£‡∏ß‡∏à‡∏®‡∏µ‡∏•‡∏ß‡πà‡∏≤‡∏ú‡∏¥‡∏î‡∏ï‡∏£‡∏á‡πÉ‡∏´‡∏ô‡∏ß‡∏¥‡∏ö‡∏≤‡∏Å‡∏£‡πâ‡∏≤‡∏¢‡∏°‡∏≤‡∏ñ‡∏∂‡∏á‡∏£‡∏±‡∏ö‡∏ß‡∏¥‡∏ö‡∏≤‡∏Å‡πÑ‡∏õ‡∏î‡πâ‡∏ß‡∏¢‡πÉ‡∏à‡πÄ‡∏õ‡πá‡∏ô‡∏™‡∏∏‡∏Ç‡∏à‡∏∞‡πÑ‡∏î‡πâ‡∏´‡∏°‡∏î‡πÜ‡πÜ‡∏≠‡∏¢‡πà‡∏≤‡∏™‡∏£‡πâ‡∏≤‡∏á‡πÉ‡∏´‡∏°‡πà‡∏ï‡∏±‡πâ‡∏á‡∏®‡∏µ‡∏•‡∏°‡∏≤‡∏õ‡∏è‡∏¥‡∏ö‡∏±‡∏ï‡∏ï‡πâ‡∏≠‡∏á‡πÄ‡∏Ç‡πâ‡∏≤‡∏ï‡πà‡∏≤‡∏¢‡∏ö‡πà‡∏≠‡∏¢‡∏´‡∏≤‡∏´‡∏°‡πà‡∏π‡∏°‡∏¥‡∏ï‡∏£‡∏î‡∏µ‡∏Ñ‡∏∞
18:30	Double. A ‡πÄ‡∏Ç‡πâ‡∏≤‡∏£‡πà‡∏ß‡∏°‡πÅ‡∏ä‡∏ó
18:44	‡∏à‡∏¥‡∏£‡∏ô‡∏±‡∏ô‡∏ó‡πå ‡∏ó‡∏±‡∏ö‡πÄ‡∏ô‡∏µ‡∏¢‡∏°	‡∏à‡∏¥‡∏£‡∏ô‡∏±‡∏ô‡∏ó‡πå ‡∏ó‡∏±‡∏ö‡πÄ‡∏ô‡∏µ‡∏¢‡∏° shared an OpenChat note.
18:47	Double. A ‡∏ñ‡∏π‡∏Å‡∏•‡∏ö‡∏à‡∏≤‡∏Å‡∏™‡πÅ‡∏Ñ‡∏ß‡∏£‡πå‡πÅ‡∏•‡πâ‡∏ß
24:11	Tom  oppo ‡πÄ‡∏Ç‡πâ‡∏≤‡∏£‡πà‡∏ß‡∏°‡πÅ‡∏ä‡∏ó
6:38	‡∏à‡∏¥‡∏£‡∏ô‡∏±‡∏ô‡∏ó‡πå ‡∏ó‡∏±‡∏ö‡πÄ‡∏ô‡∏µ‡∏¢‡∏°	https://m.facebook.com/story.php?story_fbid=544060049332601&id=451999981478539
7:09	Lah	[Photo]
7:09	Lah	‡∏Ñ‡πà‡∏∞
7:10	Lah	‡πÉ‡∏ä‡πâ‡∏Ñ‡∏ô‡∏•‡∏∞‡∏™‡∏≤‡∏¢‡∏Å‡∏±‡∏ö‡∏ó‡∏ß‡∏≤‡∏£
‡πÉ‡∏ä‡πâ‡∏õ‡∏™‡∏ß ‡∏™‡∏ß‡∏ô‡∏ó‡∏≤‡∏á‡∏ä‡πà‡∏≠‡∏á‡∏Ñ‡∏•‡∏≠‡∏î
7:42	A The investors ‡πÄ‡∏Ç‡πâ‡∏≤‡∏£‡πà‡∏ß‡∏°‡πÅ‡∏ä‡∏ó
8:20	A The investors ‡∏ñ‡∏π‡∏Å‡∏•‡∏ö‡∏à‡∏≤‡∏Å‡∏™‡πÅ‡∏Ñ‡∏ß‡∏£‡πå‡πÅ‡∏•‡πâ‡∏ß
10:17	‡∏ö‡∏±‡∏ß‡∏™‡∏¥‡πâ‡∏ô‡∏ö‡∏∏‡∏ç:‡πÅ‡∏´‡∏°‡πà‡∏°‡∏™‡∏ß‡∏¥‡∏™	live
https://www.facebook.com/morkeawfansclub/videos/611255485975136/
10:54	Yaowanee	‡∏°‡∏µ‡∏ö‡∏±‡∏ô‡∏ó‡∏∂‡∏Å‡πÉ‡∏ô‡πÇ‡∏ô‡πä‡∏ï‡πÑ‡∏´‡∏°‡∏Ñ‡∏∞ ‡∏´‡∏£‡∏∑‡∏≠‡∏™‡πà‡∏ß‡∏ô‡∏ó‡∏µ‡πà‡∏™‡∏≤‡∏°‡∏≤‡∏£‡∏ñ‡πÄ‡∏õ‡∏¥‡∏î‡∏î‡∏π‡πÑ‡∏î‡πâ‡∏Ñ‡πà‡∏∞ ‡πÄ‡∏û‡∏£‡∏≤‡∏∞‡∏û‡∏∑‡πâ‡∏ô‡∏ó‡∏µ‡πà‡πÄ‡∏Å‡πá‡∏ö‡∏Ç‡πâ‡∏≠‡∏°‡∏π‡∏•‡πÉ‡∏ô‡πÇ‡∏ó‡∏£‡∏®‡∏±‡∏û‡∏ó‡πå‡∏ô‡πâ‡∏≠‡∏¢ ‡∏à‡∏≥‡πÄ‡∏õ‡πá‡∏ô‡∏ï‡πâ‡∏≠‡∏á‡∏•‡∏ö‡∏Ñ‡πà‡∏∞
10:55	Yaowanee	‡πÅ‡∏•‡∏∞‡∏à‡∏∞‡∏•‡∏∑‡∏°‡πÄ‡∏°‡∏¥‡πà‡∏≠‡∏ï‡πâ‡∏≠‡∏á‡∏Å‡∏≤‡∏£‡πÉ‡∏ä‡πâ
10:56	Yaowanee	‡∏ñ‡∏≤‡∏°‡∏≠‡∏µ‡∏Å‡∏Ç‡πâ‡∏≠‡∏Ñ‡πà‡∏∞ ‡∏î‡∏≠‡∏á‡∏°‡∏∞‡∏Ç‡∏≤‡∏°‡∏õ‡πâ‡∏≠‡∏°‡∏Å‡∏±‡∏ö ‡∏õ‡∏™‡∏ß.‡πÑ‡∏ß‡πâ 2 ‡∏≠‡∏≤‡∏ó‡∏¥‡∏ï‡∏¢‡πå ‡∏ó‡∏≤‡∏ô‡∏≠‡∏¢‡πà‡∏≤‡∏á‡πÑ‡∏£‡∏Ñ‡∏∞ ‡πÅ‡∏Å‡πâ‡∏≠‡∏∞‡πÑ‡∏£‡πÑ‡∏î‡πâ‡∏ö‡πâ‡∏≤‡∏á
15:48	Bigbonbaa ‡πÄ‡∏Ç‡πâ‡∏≤‡∏£‡πà‡∏ß‡∏°‡πÅ‡∏ä‡∏ó
15:51	‡∏à‡∏¥‡∏£‡∏ô‡∏±‡∏ô‡∏ó‡πå ‡∏ó‡∏±‡∏ö‡πÄ‡∏ô‡∏µ‡∏¢‡∏°	‡∏à‡∏¥‡∏£‡∏ô‡∏±‡∏ô‡∏ó‡πå ‡∏ó‡∏±‡∏ö‡πÄ‡∏ô‡∏µ‡∏¢‡∏° shared an OpenChat note.
16:25	Chalor	https://youtu.be/PWSaLj4HLb4
18:21	‡∏à‡∏¥‡∏£‡∏ô‡∏±‡∏ô‡∏ó‡πå ‡∏ó‡∏±‡∏ö‡πÄ‡∏ô‡∏µ‡∏¢‡∏°	‡∏à‡∏¥‡∏£‡∏ô‡∏±‡∏ô‡∏ó‡πå ‡∏ó‡∏±‡∏ö‡πÄ‡∏ô‡∏µ‡∏¢‡∏° shared an OpenChat note.
18:50	‡∏ö‡∏±‡∏ß‡∏™‡∏¥‡πâ‡∏ô‡∏ö‡∏∏‡∏ç:‡πÅ‡∏´‡∏°‡πà‡∏°‡∏™‡∏ß‡∏¥‡∏™	[Photo]
18:50	‡∏ö‡∏±‡∏ß‡∏™‡∏¥‡πâ‡∏ô‡∏ö‡∏∏‡∏ç:‡πÅ‡∏´‡∏°‡πà‡∏°‡∏™‡∏ß‡∏¥‡∏™	[Photo]
18:51	‡∏ö‡∏±‡∏ß‡∏™‡∏¥‡πâ‡∏ô‡∏ö‡∏∏‡∏ç:‡πÅ‡∏´‡∏°‡πà‡∏°‡∏™‡∏ß‡∏¥‡∏™	 ‡∏≠.‡∏´‡∏°‡∏≠‡πÄ‡∏Ç‡∏µ‡∏¢‡∏ß‡∏ö‡∏£‡∏£‡∏¢‡∏≤‡∏¢ 
‡∏†‡∏≤‡∏Ñ‡πÄ‡∏¢‡πá‡∏ô
05/01/62 
https://www.facebook.com/morkeawfansclub/videos/2651323544892958/
19:28	‡∏ö‡∏±‡∏ß‡∏™‡∏¥‡πâ‡∏ô‡∏ö‡∏∏‡∏ç:‡πÅ‡∏´‡∏°‡πà‡∏°‡∏™‡∏ß‡∏¥‡∏™	‡∏à‡∏ö‡∏Å‡∏≤‡∏£‡∏ö‡∏£‡∏£‡∏¢‡∏≤‡∏¢
19:28	‡∏ö‡∏±‡∏ß‡∏™‡∏¥‡πâ‡∏ô‡∏ö‡∏∏‡∏ç:‡πÅ‡∏´‡∏°‡πà‡∏°‡∏™‡∏ß‡∏¥‡∏™	[Photo]
19:28	‡∏ö‡∏±‡∏ß‡∏™‡∏¥‡πâ‡∏ô‡∏ö‡∏∏‡∏ç:‡πÅ‡∏´‡∏°‡πà‡∏°‡∏™‡∏ß‡∏¥‡∏™	[Photo]
19:28	‡∏ö‡∏±‡∏ß‡∏™‡∏¥‡πâ‡∏ô‡∏ö‡∏∏‡∏ç:‡πÅ‡∏´‡∏°‡πà‡∏°‡∏™‡∏ß‡∏¥‡∏™	[Photo]
19:28	‡∏ö‡∏±‡∏ß‡∏™‡∏¥‡πâ‡∏ô‡∏ö‡∏∏‡∏ç:‡πÅ‡∏´‡∏°‡πà‡∏°‡∏™‡∏ß‡∏¥‡∏™	[Photo]
19:28	‡∏ö‡∏±‡∏ß‡∏™‡∏¥‡πâ‡∏ô‡∏ö‡∏∏‡∏ç:‡πÅ‡∏´‡∏°‡πà‡∏°‡∏™‡∏ß‡∏¥‡∏™	[Photo]
19:28	‡∏ö‡∏±‡∏ß‡∏™‡∏¥‡πâ‡∏ô‡∏ö‡∏∏‡∏ç:‡πÅ‡∏´‡∏°‡πà‡∏°‡∏™‡∏ß‡∏¥‡∏™	[Photo]
20:39	‡∏¢‡πà‡∏≤‡∏à‡πã‡∏≤.	‡∏Ç‡∏≠‡πÄ‡∏£‡∏µ‡∏¢‡∏ô‡∏ñ‡∏≤‡∏°‡∏û‡∏µ‡πà‡πÜ‡∏à‡∏¥‡∏ï‡∏£‡∏≠‡∏≤‡∏™‡∏≤‡∏Ñ‡πà‡∏∞‡∏Å‡∏≤‡∏£‡∏ó‡∏µ‡πà‡πÄ‡∏£‡∏≤‡∏ó‡∏≤‡∏ô‡∏¢‡∏≤‡∏™‡∏•‡∏≤‡∏¢‡∏•‡∏¥‡πà‡∏°‡πÄ‡∏•‡∏∑‡∏≠‡∏î‡∏ñ‡πâ‡∏≤‡∏ó‡∏≥‡∏Å‡∏±‡∏ß‡∏ã‡∏≤‡∏Å‡∏±‡∏ö‡∏ó‡∏≥‡∏î‡∏µ‡∏ó‡πá‡∏≠‡∏Å‡∏à‡∏∞‡πÑ‡∏î‡πâ‡∏´‡∏£‡∏∑‡∏≠‡πÑ‡∏°‡πà‡∏Ñ‡πà‡∏∞‡∏ñ‡πâ‡∏≤‡πÑ‡∏î‡πâ ‡∏ó‡∏≥‡∏ö‡πà‡∏≠‡∏¢‡πÜ‡∏Ñ‡∏£‡∏±‡πâ‡∏á‡∏´‡∏£‡∏∑‡∏≠‡πÑ‡∏°‡πà‡∏Ñ‡πà‡∏∞ ‡∏™‡∏≤‡∏ò‡∏∏ ‡∏Ç‡∏≠‡∏ö‡∏Ñ‡∏∏‡∏ì‡∏Ñ‡πà‡∏∞
20:43	‡∏ö‡∏±‡∏ß‡∏™‡∏¥‡πâ‡∏ô‡∏ö‡∏∏‡∏ç:‡πÅ‡∏´‡∏°‡πà‡∏°‡∏™‡∏ß‡∏¥‡∏™	‡∏ó‡∏≥‡∏ó‡∏±‡πâ‡∏á‡∏™‡∏≠‡∏á‡∏≠‡∏¢‡πà‡∏≤‡∏á‡πÑ‡∏î‡πâ‡∏ö‡πà‡∏≠‡∏¢‡πÄ‡∏ó‡πà‡∏≤‡∏ó‡∏µ‡πà‡∏£‡∏π‡πâ‡∏™‡∏∂‡∏Å‡∏™‡∏ö‡∏≤‡∏¢ ‡πÑ‡∏°‡πà‡∏•‡∏≥‡∏ö‡∏≤‡∏Å‡∏Å‡∏≤‡∏¢‡πÉ‡∏à
‡∏Å‡∏±‡∏ß‡∏ã‡∏≤‡∏à‡∏∞‡∏´‡∏ô‡∏±‡∏Å‡πÄ‡∏ö‡∏≤‡πÅ‡∏Ñ‡πà‡πÑ‡∏´‡∏ô‡∏Å‡πá‡∏õ‡∏£‡∏∞‡∏°‡∏≤‡∏ì‡∏ó‡∏µ‡πà‡πÑ‡∏°‡πà‡πÄ‡∏à‡πá‡∏ö‡πÄ‡∏Å‡∏¥‡∏ô‡∏ó‡∏ô
‡∏´‡∏£‡∏∑‡∏≠‡∏à‡∏∞‡πÉ‡∏ä‡πâ‡∏ú‡πâ‡∏≤‡∏Ç‡∏ô‡∏´‡∏ô‡∏π‡∏ú‡∏∑‡∏ô‡∏ö‡∏≤‡∏á‡πÄ‡∏•‡πá‡∏Å‡∏ä‡∏∏‡∏ö‡∏ô‡πâ‡∏≥‡∏™‡∏°‡∏∏‡∏ô‡πÑ‡∏û‡∏£‡∏ó‡∏µ‡πà‡∏ñ‡∏π‡∏Å‡∏Å‡∏±‡∏ô
‡πÄ‡∏ä‡πá‡∏î‡∏ñ‡∏π‡∏ö‡∏£‡∏¥‡πÄ‡∏ß‡∏ì‡∏ó‡∏µ‡πà‡∏ï‡πâ‡∏≠‡∏á‡∏Å‡∏≤‡∏£
‡πÅ‡∏ö‡∏ö‡∏ô‡∏µ‡πâ‡∏Å‡πá‡πÄ‡∏õ‡πá‡∏ô‡∏Å‡∏≤‡∏£‡∏Å‡∏±‡∏ß‡∏ã‡∏≤
‡πÄ‡∏£‡∏µ‡∏¢‡∏Å‡∏ß‡πà‡∏≤
‡∏Å‡∏±‡∏ß‡∏ã‡∏≤‡∏ú‡πâ‡∏≤‡∏Ç‡∏ô‡∏´‡∏ô‡∏π
‡∏Ñ‡πà‡∏∞
21:02	Bigbonbaa	[Sticker]
21:58	‡∏ö‡∏±‡∏ß‡∏™‡∏¥‡πâ‡∏ô‡∏ö‡∏∏‡∏ç:‡πÅ‡∏´‡∏°‡πà‡∏°‡∏™‡∏ß‡∏¥‡∏™	‡∏Ç‡∏≠‡πÄ‡∏ä‡∏¥‡∏ç‡∏ó‡πà‡∏≤‡∏ô‡∏ó‡∏µ‡πà‡∏™‡∏ô‡πÉ‡∏à ‡∏î‡∏π‡πÅ‡∏•‡∏™‡∏∏‡∏Ç‡∏†‡∏≤‡∏û‡πÅ‡∏ö‡∏ö‡∏û‡∏∂‡πà‡∏á‡∏ï‡∏ô ‡∏ß‡∏±‡∏ô‡πÄ‡∏™‡∏≤‡∏£‡πå‡∏ó‡∏µ‡πà 9 ‡πÅ‡∏•‡∏∞‡∏≠‡∏≤‡∏ó‡∏¥‡∏ï‡∏¢‡πå‡∏ó‡∏µ‡πà 10 ‡∏Å‡∏û. 2562 ‡∏ì ‡∏™‡∏ß‡∏ô‡∏õ‡πà‡∏≤‡∏ô‡∏≤‡∏ö‡∏∏‡∏ç7 ‡∏ö‡πâ‡∏≤‡∏ô‡∏ó‡∏∏‡πà‡∏á‡∏ô‡πâ‡∏≥‡πÑ‡∏ó ‡∏´‡∏±‡∏ß‡∏´‡∏¥‡∏ô
2019/01/06(Sun)
6:01	‡∏à‡∏¥‡∏£‡∏ô‡∏±‡∏ô‡∏ó‡πå ‡∏ó‡∏±‡∏ö‡πÄ‡∏ô‡∏µ‡∏¢‡∏°	‡∏à‡∏¥‡∏£‡∏ô‡∏±‡∏ô‡∏ó‡πå ‡∏ó‡∏±‡∏ö‡πÄ‡∏ô‡∏µ‡∏¢‡∏° shared an OpenChat note.
6:03	‡∏à‡∏¥‡∏£‡∏ô‡∏±‡∏ô‡∏ó‡πå ‡∏ó‡∏±‡∏ö‡πÄ‡∏ô‡∏µ‡∏¢‡∏°	‡∏à‡∏¥‡∏£‡∏ô‡∏±‡∏ô‡∏ó‡πå ‡∏ó‡∏±‡∏ö‡πÄ‡∏ô‡∏µ‡∏¢‡∏° shared an OpenChat note.
6:04	‡∏à‡∏¥‡∏£‡∏ô‡∏±‡∏ô‡∏ó‡πå ‡∏ó‡∏±‡∏ö‡πÄ‡∏ô‡∏µ‡∏¢‡∏°	‡∏à‡∏¥‡∏£‡∏ô‡∏±‡∏ô‡∏ó‡πå ‡∏ó‡∏±‡∏ö‡πÄ‡∏ô‡∏µ‡∏¢‡∏° shared an OpenChat note.
6:13	‡∏à‡∏¥‡∏£‡∏ô‡∏±‡∏ô‡∏ó‡πå ‡∏ó‡∏±‡∏ö‡πÄ‡∏ô‡∏µ‡∏¢‡∏°	‡∏à‡∏¥‡∏£‡∏ô‡∏±‡∏ô‡∏ó‡πå ‡∏ó‡∏±‡∏ö‡πÄ‡∏ô‡∏µ‡∏¢‡∏° shared an OpenChat note.
6:26	‡∏ß‡∏≤‡∏ô‡∏£‡∏´‡∏¥‡∏°‡∏∞	@‡∏à‡∏¥‡∏£‡∏ô‡∏±‡∏ô‡∏ó‡πå ‡∏ó‡∏±‡∏ö‡πÄ‡∏ô‡∏µ‡∏¢‡∏° ‡πÄ‡∏™‡∏ô‡∏≠‡πÅ‡∏≠‡∏î‡∏°‡∏°‡∏¥‡∏ô‡∏ó‡∏µ‡πà‡∏î‡∏π‡πÅ‡∏•‡πÄ‡∏ü‡∏™‡∏ö‡∏∏‡∏Ñhttps://m.facebook.com/story.php?story_fbid=1235248176613950&id=865872563551515
  ‡∏ß‡πà‡∏≤‡∏Ñ‡∏ß‡∏£‡∏à‡∏∞‡πÑ‡∏õ‡∏•‡∏ö‡∏Ç‡πâ‡∏≠‡∏Ñ‡∏¥‡∏î‡πÄ‡∏´‡πá‡∏ô‡∏ö‡∏≤‡∏á‡∏Ç‡πâ‡∏≠‡∏Ñ‡∏ß‡∏≤‡∏° ‡πÄ‡∏û‡∏£‡∏≤‡∏∞‡πÑ‡∏°‡πà‡πÄ‡∏õ‡πá‡∏ô‡∏Ç‡πâ‡∏≠‡∏Ñ‡∏ß‡∏≤‡∏°‡πÑ‡∏°‡πà‡∏™‡∏∏‡∏†‡∏≤‡∏û‡∏Ñ‡∏£‡∏±‡∏ö ‡πÅ‡∏ï‡πà‡πÇ‡∏û‡∏™‡∏î‡∏µ‡∏≠‡∏¢‡∏π‡πà‡πÅ‡∏•‡πâ‡∏ß‡∏Ñ‡∏£‡∏±‡∏ö
6:26	‡∏ß‡∏≤‡∏ô‡∏£‡∏´‡∏¥‡∏°‡∏∞	#‡∏Ç‡πâ‡∏≠‡∏Ñ‡∏ß‡∏≤‡∏°‡πÑ‡∏°‡πà‡∏™‡∏∏‡∏†‡∏≤‡∏û
6:27	‡∏ß‡∏≤‡∏ô‡∏£‡∏´‡∏¥‡∏°‡∏∞	[Photo]
6:31	‡∏ß‡∏≤‡∏ô‡∏£‡∏´‡∏¥‡∏°‡∏∞	@‡∏ö‡∏±‡∏ß‡∏™‡∏¥‡πâ‡∏ô‡∏ö‡∏∏‡∏ç:‡πÅ‡∏´‡∏°‡πà‡∏°‡∏™‡∏ß‡∏¥‡∏™ 
6:31	‡∏ß‡∏≤‡∏ô‡∏£‡∏´‡∏¥‡∏°‡∏∞	@Lah 
6:32	‡∏ß‡∏≤‡∏ô‡∏£‡∏´‡∏¥‡∏°‡∏∞	@admin1 
6:32	‡∏ß‡∏≤‡∏ô‡∏£‡∏´‡∏¥‡∏°‡∏∞	@NIDNOI Normpornfah 
6:32	‡∏ß‡∏≤‡∏ô‡∏£‡∏´‡∏¥‡∏°‡∏∞	@‡πÅ‡∏Å‡πâ‡∏ß‡πÉ‡∏à‡πÄ‡∏û‡∏ä‡∏£ ‡∏Å‡∏•‡πâ‡∏≤‡∏à‡∏ô 
6:32	‡∏ß‡∏≤‡∏ô‡∏£‡∏´‡∏¥‡∏°‡∏∞	@‡πÇ‡∏≠ ‡∏£‡∏¥‡∏°‡∏™‡∏ß‡∏ô‡∏ù‡∏±‡∏ô 
6:39	Lah	‡πÄ‡∏Ç‡πâ‡∏≤‡∏≠‡πà‡∏≤‡∏ô‡πÑ‡∏°‡πà‡πÑ‡∏î‡πâ‡∏Ñ‡πà‡∏∞
6:44	‡∏ß‡∏≤‡∏ô‡∏£‡∏´‡∏¥‡∏°‡∏∞	https://www.facebook.com/answermorkeaw2/posts/1235248176613950/
6:46	BHappy	#‡∏õ‡∏£‡∏∞‡∏ä‡∏≤‡∏™‡∏±‡∏°‡∏û‡∏±‡∏ô‡∏ò‡πå‡∏ñ‡∏∂‡∏á‡∏û‡∏µ‡πà‡∏ô‡πâ‡∏≠‡∏á‡∏ó‡∏∏‡∏Å‡∏ó‡πà‡∏≤‡∏ô ‡∏ï‡∏≤‡∏£‡∏≤‡∏á‡∏Å‡∏¥‡∏à‡∏Å‡∏£‡∏£‡∏° ‡∏ï‡∏±‡πâ‡∏á‡πÅ‡∏ï‡πà‡πÄ‡∏î‡∏∑‡∏≠‡∏ô‡∏°‡∏µ‡∏ô‡∏≤‡∏Ñ‡∏°‡πÄ‡∏õ‡πá‡∏ô‡∏ï‡πâ‡∏ô‡πÑ‡∏õ ‡∏à‡∏∞‡∏°‡∏µ‡∏Å‡∏≤‡∏£‡∏õ‡∏£‡∏±‡∏ö‡∏Ç‡πâ‡∏≠‡∏°‡∏π‡∏•‡πÉ‡∏´‡∏°‡πà‡∏´‡∏•‡∏±‡∏á‡∏Ñ‡πà‡∏≤‡∏¢‡∏û‡∏£‡∏∞‡πÑ‡∏ï‡∏£‡∏õ‡∏¥‡∏è‡∏Å ‡∏ó‡∏µ‡πà‡∏™‡∏ß‡∏ô‡∏õ‡πà‡∏≤‡∏ô‡∏≤‡∏ö‡∏∏‡∏ç 2 (‡πÄ‡∏î‡∏∑‡∏≠‡∏ô‡∏Å‡∏∏‡∏°‡∏†‡∏≤‡∏û‡∏±‡∏ô‡∏ò‡πå ) ‡∏î‡∏±‡∏á‡∏ô‡∏±‡πâ‡∏ô‡∏Ç‡∏≠‡πÉ‡∏´‡πâ‡∏û‡∏µ‡πà‡∏ô‡πâ‡∏≠‡∏á‡πÑ‡∏î‡πâ‡∏ï‡∏£‡∏ß‡∏à‡∏™‡∏≠‡∏ö‡πÅ‡∏•‡∏∞‡πÉ‡∏ä‡πâ‡∏Ç‡πâ‡∏≠‡∏°‡∏π‡∏•‡∏Å‡∏¥‡∏à‡∏Å‡∏£‡∏£‡∏°‡∏Ñ‡πà‡∏≤‡∏¢‡∏ï‡∏±‡πâ‡∏á‡πÅ‡∏ï‡πà‡πÄ‡∏î‡∏∑‡∏≠‡∏ô‡∏°‡∏Å‡∏£‡∏≤‡∏Ñ‡∏°-‡∏Å‡∏∏‡∏°‡∏†‡∏≤‡∏û‡∏±‡∏ô‡∏ò‡πå 2562 ‡∏´‡∏£‡∏∑‡∏≠‡∏™‡∏≠‡∏ö‡∏ñ‡∏≤‡∏°‡∏ï‡∏≤‡∏°‡πÄ‡∏ö‡∏≠‡∏£‡πå‡∏ï‡∏¥‡∏î‡∏ï‡πà‡∏≠‡πÉ‡∏ô‡πÅ‡∏ï‡πà‡∏•‡∏∞‡∏®‡∏π‡∏ô‡∏¢‡πå‡∏ó‡∏∏‡∏Å‡∏†‡∏≤‡∏Ñ‡∏ó‡∏±‡πà‡∏ß‡∏õ‡∏£‡∏∞‡πÄ‡∏ó‡∏®
‡∏Ñ‡∏•‡∏¥‡πä‡∏Å‡∏î‡∏π‡∏£‡∏≤‡∏¢‡∏•‡∏∞‡πÄ‡∏≠‡∏µ‡∏¢‡∏î ‡∏ï‡∏≤‡∏°‡∏•‡∏¥‡∏á‡∏Ñ‡πå 
https://morkeaw-course2562.blogspot.com/2018/11/2562_38.html?fbclid=IwAR3q-jYCOY22ehaHAf1tc4sOtblUmEC-F0PtxqwUcTQOKYD3xX5gBlydM9o
6:47	Lah	‡∏≠‡πà‡∏≤‡∏ô‡πÑ‡∏î‡πâ‡πÅ‡∏•‡πâ‡∏ß‡∏Ñ‡πà‡∏∞ ‡∏Ç‡∏≠‡∏ö‡∏Ñ‡∏∏‡∏ì‡∏Ñ‡πà‡∏∞
6:47	‡∏ß‡∏≤‡∏ô‡∏£‡∏´‡∏¥‡∏°‡∏∞	‡∏™‡∏≤‡∏¢‡πÄ‡∏Ç‡∏µ‡∏¢‡∏ß ‡πÄ‡∏Ç‡∏≤‡πÅ‡∏™‡∏î‡∏á‡∏Ñ‡∏ß‡∏≤‡∏°‡∏Ñ‡∏¥‡∏î‡πÄ‡∏´‡πá‡∏ô‡πÑ‡∏°‡πà‡∏™‡∏∏‡∏†‡∏≤‡∏û‡∏ô‡∏∞@Lah  ‡∏ù‡∏≤‡∏Å‡πÅ‡∏à‡πâ‡∏á‡∏™‡πà‡∏ß‡∏ô‡∏Å‡∏•‡∏≤‡∏á‡∏î‡πâ‡∏ß‡∏¢‡∏Ñ‡∏£‡∏±‡∏ö
6:47	‡∏õ‡∏∏‡πä ‡∏û‡∏£‡∏¥‡πâ‡∏ß‡∏•‡∏°‡∏ö‡∏∏‡∏ç	[Photo]
6:48	Lah	‡∏ï‡πâ‡∏≠‡∏á‡πÉ‡∏´‡πâ‡πÅ‡∏≠‡∏î‡∏°‡∏¥‡∏ô‡πÄ‡∏û‡∏à ‡∏û‡∏¥‡∏à‡∏≤‡∏£‡∏ì‡∏≤
‡πÑ‡∏°‡πà‡πÉ‡∏´‡πâ‡∏°‡∏µ‡∏Å‡∏≤‡∏£‡∏Ç‡∏±‡∏î‡πÅ‡∏¢‡πâ‡∏á ‡∏Ç‡∏¢‡∏≤‡∏¢‡∏ï‡∏±‡∏ß 
6:49	Lah	‡πÑ‡∏°‡πà‡∏ó‡∏£‡∏≤‡∏ö‡πÉ‡∏Ñ‡∏£‡πÄ‡∏õ‡πá‡∏ô‡πÅ‡∏≠‡∏î‡∏°‡∏¥‡∏ô‡∏Ñ‡πà‡∏∞
7:11	‡∏ß‡∏≤‡∏ô‡∏£‡∏´‡∏¥‡∏°‡∏∞	‡πÇ‡∏û‡∏™‡∏ó‡∏µ‡πà‡∏•‡∏á‡∏î‡∏µ‡∏Ñ‡∏£‡∏±‡∏ö ‡πÅ‡∏™‡∏î‡∏á‡∏Ñ‡∏ß‡∏≤‡∏°‡∏Ñ‡∏¥‡∏î‡πÄ‡∏´‡πá‡∏ô ‡πÅ‡∏ï‡πà‡∏Ñ‡∏ß‡∏£‡πÄ‡∏õ‡πá‡∏ô‡∏Ç‡πâ‡∏≠‡∏Ñ‡∏ß‡∏≤‡∏°‡∏™‡∏∏‡∏†‡∏≤‡∏û ‡∏ß‡∏¥‡∏ö‡∏≤‡∏Å‡∏Ø‡∏à‡∏∞‡∏Å‡∏¥‡∏ô‡∏´‡∏±‡∏ß‡∏Å‡πà‡∏≠‡∏ô
8:05	Lah	‡∏Ñ‡πà‡∏∞ ‡∏ô‡πà‡∏≤‡∏à‡∏∞‡∏•‡∏ö‡πÇ‡∏û‡∏™‡∏ï‡πå 
‡πÄ‡∏û‡∏∑‡πà‡∏≠‡∏•‡∏î‡∏Ñ‡∏ß‡∏≤‡∏°‡∏Ç‡∏±‡∏î‡πÅ‡∏¢‡πâ‡∏á
‡∏Ç‡∏¢‡∏≤‡∏¢‡∏ß‡∏á‡∏Å‡∏ß‡πâ‡∏≤‡∏á
‡πÅ‡∏•‡∏∞‡∏¢‡∏±‡∏á‡∏ß‡πà‡∏≤ ‡πÄ‡∏Å‡∏¥‡∏î‡∏ß‡∏¥‡∏ö‡∏≤‡∏Å‡πÑ‡∏°‡πà‡∏£‡∏π‡πâ‡∏ï‡∏±‡∏ß ‡∏Ñ‡πà‡∏∞
8:07	Lah	‡∏™‡πà‡∏á‡∏Ç‡πâ‡∏≠‡∏Ñ‡∏ß‡∏≤‡∏°‡πÑ‡∏õ‡∏ó‡∏µ‡πà‡πÅ‡∏≠‡∏î‡∏°‡∏¥‡∏ô ‡πÅ‡∏•‡πâ‡∏ß‡∏Ñ‡πà‡∏∞
8:39	‡∏™‡∏∏‡∏£‡∏®‡∏±‡∏Å‡∏î‡∏¥‡πå	[Photo]
13:08	Orathai ‡πÄ‡∏Ç‡πâ‡∏≤‡∏£‡πà‡∏ß‡∏°‡πÅ‡∏ä‡∏ó
15:06	‡∏à‡∏¥‡∏£‡∏ô‡∏±‡∏ô‡∏ó‡πå ‡∏ó‡∏±‡∏ö‡πÄ‡∏ô‡∏µ‡∏¢‡∏°	‡∏à‡∏¥‡∏£‡∏ô‡∏±‡∏ô‡∏ó‡πå ‡∏ó‡∏±‡∏ö‡πÄ‡∏ô‡∏µ‡∏¢‡∏° shared an OpenChat note.
15:08	‡∏à‡∏¥‡∏£‡∏ô‡∏±‡∏ô‡∏ó‡πå ‡∏ó‡∏±‡∏ö‡πÄ‡∏ô‡∏µ‡∏¢‡∏°	‡∏à‡∏¥‡∏£‡∏ô‡∏±‡∏ô‡∏ó‡πå ‡∏ó‡∏±‡∏ö‡πÄ‡∏ô‡∏µ‡∏¢‡∏° shared an OpenChat note.
17:42	‡∏à‡∏¥‡∏£‡∏ô‡∏±‡∏ô‡∏ó‡πå ‡∏ó‡∏±‡∏ö‡πÄ‡∏ô‡∏µ‡∏¢‡∏°	‡∏à‡∏¥‡∏£‡∏ô‡∏±‡∏ô‡∏ó‡πå ‡∏ó‡∏±‡∏ö‡πÄ‡∏ô‡∏µ‡∏¢‡∏° shared an OpenChat note.
19:29	‡∏ó‡∏£‡∏á‡∏Å‡∏•‡∏î	‡∏ú‡∏°‡πÄ‡∏Ñ‡∏¢.‡∏ó‡∏≤‡∏ô‡∏¢‡∏≤‡∏™‡∏•‡∏≤‡∏¢‡∏•‡∏¥‡πà‡∏°‡πÄ‡∏•‡∏∑‡∏≠‡∏î‡∏Ñ‡∏£‡∏±‡∏ö ‡∏ó‡∏≤‡∏ô‡∏°‡∏≤‡∏ô‡∏≤‡∏ô ‡∏ã‡∏∑‡πâ ‡∏à‡∏≤‡∏Å‡πÇ‡∏£‡∏á‡∏û‡∏¢‡∏≤‡∏ö‡∏≤‡∏•  ‡∏û‡∏≠‡πÄ‡∏à‡∏≠‡∏´‡∏°‡∏≠‡πÄ‡∏Ç‡∏µ‡∏¢‡∏ß‡∏à‡∏∂‡∏á‡πÄ‡∏õ‡∏•‡∏µ‡πà‡∏¢‡∏ô‡∏¢‡∏≤‡πÉ‡∏´‡∏°‡πà ‡∏°‡∏≤‡πÉ‡∏ä‡πâ‡∏õ‡∏±‡∏™‡∏™‡∏≤‡∏ß‡∏∞‡πÅ‡∏ó‡∏ô ‡∏™‡∏ö‡∏≤‡∏¢‡πÅ‡∏•‡πâ‡∏ß
19:36	Tian Lijuan ‡πÄ‡∏Ç‡πâ‡∏≤‡∏£‡πà‡∏ß‡∏°‡πÅ‡∏ä‡∏ó
21:10	‡∏™‡∏∏‡∏£‡∏®‡∏±‡∏Å‡∏î‡∏¥‡πå	‡∏Ç‡∏≠‡∏™‡∏≠‡∏ö‡∏ñ‡∏≤‡∏°‡∏™‡∏∞‡πÄ‡∏î‡∏≤‡∏§‡∏ó‡∏ò‡∏¥‡πå‡∏£‡πâ‡∏≠‡∏ô‡∏´‡∏£‡∏∑‡∏≠‡πÄ‡∏¢‡πá‡∏ô‡∏Ñ‡∏£‡∏±‡∏ö
21:23	‡∏ó‡∏£‡∏á‡∏Å‡∏•‡∏î	‡∏£‡πâ‡∏≠‡∏ô‡∏î‡∏±‡∏ö‡∏£‡πâ‡∏≠‡∏ô‡∏Ñ‡∏£‡∏±‡∏ö
‡∏Å‡∏¥‡∏ô‡πÅ‡∏•‡πâ‡∏ß‡∏à‡∏∞‡∏ó‡∏≥‡πÉ‡∏´‡πâ‡πÄ‡∏¢‡πá‡∏ô
‡∏£‡πâ‡∏≠‡∏ô‡∏î‡∏±‡∏ö‡∏£‡πâ‡∏≠‡∏ô
21:33	‡∏ó‡∏£‡∏á‡∏Å‡∏•‡∏î	‡∏Ç‡∏≠‡∏ï‡∏≠‡∏ö‡∏Ñ‡∏≥‡∏ñ‡∏≤‡∏°‡πÅ‡∏ó‡∏ôTyphoon‡∏Ñ‡∏£‡∏±‡∏ö
‡∏ó‡∏≤‡∏ô‡πÑ‡∏î‡πâ‡∏Ñ‡∏£‡∏±‡∏ö
‡πÄ‡∏ó‡πà‡∏≤‡∏ó‡∏µ‡πà‡∏™‡∏ö‡∏≤‡∏¢ ‡πÄ‡∏ö‡∏≤‡∏Å‡∏≤‡∏¢‡∏°‡∏µ‡∏Å‡∏≥‡∏•‡∏±‡∏á‡∏Ñ‡∏£‡∏±‡∏ö
‡πÑ‡∏°‡πà‡∏™‡∏ô‡∏±‡∏ö‡∏™‡∏ô‡∏∏‡∏ô‡πÉ‡∏´‡πâ‡∏ó‡∏≤‡∏ô‡∏°‡∏≤‡∏Å ‡πÑ‡∏°‡πà‡∏Ñ‡∏ß‡∏£‡∏Å‡∏±‡∏á‡∏ß‡∏•‡∏Ñ‡∏£‡∏±‡∏ö ‡πÄ‡∏£‡∏≤‡πÑ‡∏°‡πà‡πÑ‡∏î‡πâ‡∏ó‡∏≤‡∏ô‡∏ó‡∏µ‡∏•‡∏∞‡∏Ç‡∏ß‡∏î 2 ‡∏Ç‡∏ß‡∏î‡∏Ñ‡∏£‡∏±‡∏ö ‡∏ó‡∏≤‡∏ô‡πÅ‡∏Ñ‡πà 2-3‡∏´‡∏¢‡∏î‡∏Ñ‡∏£‡∏±‡∏ö 
‡πÄ‡∏à‡∏£‡∏¥‡∏ç‡∏ò‡∏£‡∏£‡∏°‡∏Ñ‡∏£‡∏±‡∏ö
21:35	‡∏≠‡∏£‡∏≠‡∏ô‡∏á‡∏Ñ‡πå	@‡∏ó‡∏£‡∏á‡∏Å‡∏•‡∏î 
‡∏Ç‡∏≠‡∏ö‡∏Ñ‡∏∏‡∏ì‡∏°‡∏≤‡∏Å‡∏Ñ‡πà‡∏∞