3:31	Best One 2019 was removed from the square.
5:43	‡∏à‡∏¥‡∏£‡∏ô‡∏±‡∏ô‡∏ó‡πå ‡∏ó‡∏±‡∏ö‡πÄ‡∏ô‡∏µ‡∏¢‡∏°	‡∏à‡∏¥‡∏£‡∏ô‡∏±‡∏ô‡∏ó‡πå ‡∏ó‡∏±‡∏ö‡πÄ‡∏ô‡∏µ‡∏¢‡∏° shared an OpenChat note.
7:18	‡∏ï‡πà‡∏≠ ‡∏°‡∏±‡∏Å‡∏Å‡∏∞‡∏™‡∏±‡∏ô ‡πÄ‡∏û‡∏∑‡πà‡∏≠‡∏ôüòÅ	‡∏•‡∏π‡∏Å‡∏ä‡∏≤‡∏¢‡πÄ‡∏û‡∏∑‡πà‡∏≠‡∏ô ‡πÄ‡∏õ‡πá‡∏ô‡πÑ‡∏Ç‡πâ‡πÄ‡∏•‡∏∑‡∏≠‡∏î‡∏≠‡∏≠‡∏Å 
12:18	‡πÄ‡∏ö‡∏ç‡∏ç‡∏≤‡∏†‡∏≤ ‡∏õ‡∏£‡∏∞‡∏ó‡∏∏‡∏°‡∏ó‡∏≠‡∏á	‡∏™‡∏ß‡∏±‡∏™‡∏î‡∏µ‡∏Ñ‡πà‡∏∞ ‡∏Å‡∏±‡∏•‡∏¢‡∏≤‡∏ì‡∏°‡∏¥‡∏ï‡∏£ ‡∏ó‡∏∏‡∏Å‡πÜ ‡∏ó‡πà‡∏≤‡∏ô
12:20	‡πÄ‡∏ö‡∏ç‡∏ç‡∏≤‡∏†‡∏≤ ‡∏õ‡∏£‡∏∞‡∏ó‡∏∏‡∏°‡∏ó‡∏≠‡∏á	‡∏à‡∏á‡πÄ‡∏ö‡∏¥‡∏Å‡∏ö‡∏≤‡∏ô ‡πÄ‡∏ö‡∏¥‡∏Å‡∏ö‡∏≤‡∏ô ‡πÅ‡∏•‡∏∞‡πÄ‡∏ö‡∏¥‡∏Å‡∏ö‡∏≤‡∏ô ‡∏à‡∏á‡πÄ‡∏ö‡∏¥‡∏Å‡∏ö‡∏≤‡∏ô ‡∏ï‡∏≤‡∏°‡∏≠‡∏°‡∏ï‡∏∞ ‡∏ò‡∏£‡∏£‡∏° ‡∏™‡∏≤‡∏ò‡∏∏
13:42	Nui (‡πÉ‡∏ô‡∏™‡∏≤‡∏¢‡∏ò‡∏£‡∏£‡∏°) joined the chat.
13:54	Juk joined the chat.
14:56	Chalor joined the chat.
16:02	Pa Chee joined the chat.
16:16	‡∏ì‡∏£‡∏á‡∏Ñ‡πå ‡∏®‡∏£‡∏µ‡πÄ‡∏°‡∏∑‡∏≠‡∏á joined the chat.
16:23	Pornpimon	‡∏™‡∏ß‡∏±‡∏™‡∏î‡∏µ‡∏Ñ‡πà‡∏∞ ‡∏Ç‡∏≠‡πÄ‡∏£‡∏µ‡∏¢‡∏ô‡∏ñ‡∏≤‡∏°‡∏õ‡∏±‡∏ç‡∏´‡∏≤‡∏ó‡πà‡∏≤‡∏ô‡∏ú‡∏π‡πâ‡∏£‡∏π‡πâ‡∏´‡∏ô‡πà‡∏≠‡∏¢‡∏ô‡∏∞‡∏Ñ‡∏∞ ‡∏Ñ‡∏∑‡∏≠‡πÄ‡∏û‡∏∑‡πà‡∏≠‡∏ô‡πÄ‡∏Ç‡∏≤‡πÄ‡∏õ‡πá‡∏ô‡πÇ‡∏£‡∏Ñ‡πÑ‡∏ï‡πÄ‡∏™‡∏∑‡πà‡∏≠‡∏°‡∏°‡∏µ‡∏Ñ‡πà‡∏≤GFR ‡∏õ‡∏£‡∏∞‡∏°‡∏≤‡∏ì 48 ‡πÄ‡∏Ç‡∏≤‡∏Å‡∏¥‡∏ô‡∏ô‡πâ‡∏≥‡∏ï‡πâ‡∏°‡∏≠‡πâ‡∏≠‡∏¢‡πÅ‡∏î‡∏á‡∏ï‡∏≤‡∏°‡∏Ñ‡∏•‡∏¥‡∏õ‡πÉ‡∏ô‡∏¢‡∏π‡∏ó‡∏π‡∏õ ‡πÉ‡∏ä‡πâ‡πÄ‡∏ß‡∏•‡∏≤ 1 ‡πÄ‡∏î‡∏∑‡∏≠‡∏ô ‡πÑ‡∏õ‡πÄ‡∏à‡∏≤‡∏∞‡πÄ‡∏•‡∏∑‡∏≠‡∏î‡∏ï‡∏£‡∏ß‡∏à‡∏î‡∏π‡∏û‡∏ö‡∏ß‡πà‡∏≤‡∏Ñ‡πà‡∏≤ GFR ‡πÄ‡∏õ‡πá‡∏ô 98 ‡πÑ‡∏ï‡∏´‡∏≤‡∏¢‡πÄ‡∏™‡∏∑‡πà‡∏≠‡∏°‡∏Å‡∏•‡∏±‡∏ö‡∏°‡∏≤‡πÄ‡∏õ‡πá‡∏ô‡∏õ‡∏Å‡∏ï‡∏¥‡πÄ‡∏•‡∏¢‡∏Ñ‡πà‡∏∞ ‡∏ô‡∏≠‡∏Å‡∏à‡∏≤‡∏Å‡∏ô‡∏µ‡πâ‡πÄ‡∏Ç‡∏≤‡πÄ‡∏≠‡∏≤‡∏≠‡πâ‡∏≠‡∏¢‡πÅ‡∏î‡∏á‡πÉ‡∏´‡πâ‡πÄ‡∏û‡∏∑‡πà‡∏≠‡∏ô‡∏≠‡∏µ‡∏Å‡∏Ñ‡∏ô‡∏ó‡∏µ‡∏µ‡πÄ‡∏õ‡πá‡∏ô‡πÄ‡∏ö‡∏≤‡∏´‡∏ß‡∏≤‡∏ô‡∏Å‡∏¥‡∏ô‡∏Å‡πá‡∏û‡∏ö‡∏ß‡πà‡∏≤‡∏Ñ‡πà‡∏≤‡∏ô‡πâ‡∏≥‡∏ï‡∏≤‡∏•‡πÉ‡∏ô‡πÄ‡∏•‡∏∑‡∏≠‡∏î‡∏•‡∏î‡∏•‡∏á ‡∏î‡∏¥‡∏â‡∏±‡∏ô‡∏Å‡πá‡πÄ‡∏•‡∏¢‡∏™‡∏á‡∏™‡∏±‡∏¢‡∏ß‡πà‡∏≤‡∏≠‡πâ‡∏≠‡∏¢‡πÅ‡∏î‡∏á‡∏à‡∏∞‡∏°‡∏µ‡∏ú‡∏•‡∏Ç‡πâ‡∏≤‡∏á‡πÄ‡∏Ñ‡∏µ‡∏¢‡∏á‡∏≠‡∏∞‡πÑ‡∏£‡πÑ‡∏´‡∏°‡∏Ñ‡∏∞‡∏ñ‡πâ‡∏≤‡πÄ‡∏≠‡∏≤‡∏°‡∏≤‡∏Å‡∏¥‡∏ô‡πÄ‡∏õ‡πá‡∏ô‡∏õ‡∏£‡∏∞‡∏à‡∏≥‡πÄ‡∏û‡∏∑‡πà‡∏≠‡∏£‡∏±‡∏Å‡∏©‡∏≤ ‡∏´‡∏£‡∏∑‡∏≠‡πÄ‡∏£‡∏≤‡∏à‡∏∞‡πÉ‡∏ä‡πâ‡∏ß‡∏¥‡∏ò‡∏µ‡∏¢‡∏≤ 9 ‡πÄ‡∏°‡πá‡∏î‡∏ï‡∏≤‡∏°‡πÅ‡∏ö‡∏ö‡∏≠‡∏≤‡∏à‡∏≤‡∏£‡∏¢‡πå‡∏´‡∏°‡∏≠‡πÄ‡∏Ç‡∏µ‡∏¢‡∏ß‡∏à‡∏∞‡∏î‡∏µ‡∏Å‡∏ß‡πà‡∏≤‡πÑ‡∏´‡∏°‡∏Ñ‡∏∞
17:29	‡∏´‡∏°‡∏≠‡∏ï‡∏¥‡πâ‡∏ß ‡∏ô‡∏ß‡∏î‡πÅ‡∏ú‡∏ô‡πÇ‡∏ö‡∏£‡∏≤‡∏ì	‡πÄ‡∏õ‡πá‡∏ô‡∏´‡∏ß‡∏±‡∏î‡∏ó‡∏≥‡∏≠‡∏¢‡πà‡∏≤‡∏á‡πÑ‡∏£‡πÉ‡∏´‡πâ‡∏´‡∏≤‡∏¢‡πÄ‡∏£‡πá‡∏ß‡∏Ñ‡πà‡∏∞‡πÉ‡∏Ñ‡∏£‡∏£‡∏∏‡πâ‡∏ä‡πà‡∏ß‡∏¢‡∏ï‡∏≠‡∏ö‡∏ó‡∏µ‡∏Ñ‡πà‡∏∞
17:29	‡∏´‡∏°‡∏≠‡∏ï‡∏¥‡πâ‡∏ß ‡∏ô‡∏ß‡∏î‡πÅ‡∏ú‡∏ô‡πÇ‡∏ö‡∏£‡∏≤‡∏ì	‡∏°‡∏∑‡∏≠‡πÉ‡∏´‡∏°‡πà‡∏Ñ‡πà‡∏∞
17:30	‡∏´‡∏°‡∏≠‡∏ï‡∏¥‡πâ‡∏ß ‡∏ô‡∏ß‡∏î‡πÅ‡∏ú‡∏ô‡πÇ‡∏ö‡∏£‡∏≤‡∏ì	‡∏Ç‡∏≠‡∏ö‡∏Ñ‡∏∏‡∏ì‡∏ô‡πà‡∏∞‡∏Ñ‡πà‡∏∞
17:32	TYPHOON	‡∏ó‡∏≥‡∏ï‡∏≤‡∏°‡∏¢‡∏≤9‡πÄ‡∏°‡πá‡∏î‡∏ó‡∏µ‡πà‡∏ó‡∏≥‡πÑ‡∏î‡πâ ‡∏õ‡∏£‡∏±‡∏ö‡∏≠‡∏≤‡∏´‡∏≤‡∏£ ‡∏î‡∏∑‡πà‡∏°‡∏ô‡πâ‡∏≥‡∏™‡∏µ‡πà‡∏û‡∏•‡∏±‡∏á ‡πÅ‡∏•‡∏∞‡∏ó‡∏≥‡πÉ‡∏à‡∏≠‡∏¢‡πà‡∏≤‡∏á‡πÄ‡∏£‡πà‡∏á‡∏ú‡∏•‡∏Ñ‡∏£‡∏±‡∏ö ‡∏à‡∏∞‡∏´‡∏≤‡∏¢‡πÄ‡∏£‡πá‡∏ß‡∏Ñ‡∏£‡∏±‡∏ö
17:34	‡∏´‡∏°‡∏≠‡∏ï‡∏¥‡πâ‡∏ß ‡∏ô‡∏ß‡∏î‡πÅ‡∏ú‡∏ô‡πÇ‡∏ö‡∏£‡∏≤‡∏ì	‡∏Ç‡∏≠‡∏ö‡∏Ñ‡∏∏‡∏ì‡∏°‡∏≤‡∏Å‡∏Ñ‡πà‡∏∞
18:10	Sopa joined the chat.
3:15	Best Business 2019 was removed from the square.
7:21	The Best One joined the chat.
7:23	The Best One was removed from the square.
7:46	TYPHOON	‡πÅ‡∏≠‡∏î‡∏Ñ‡∏£‡∏±‡∏ö‡∏•‡∏ö‡πÇ‡∏û‡∏™‡∏î‡πâ‡∏ß‡∏¢‡∏Ñ‡∏£‡∏±‡∏ö
7:53	Lah	‡∏•‡∏ö‡πÅ‡∏•‡πâ‡∏ß ‡∏ô‡∏∞‡∏Ñ‡∏∞
7:55	Lah	‡∏î‡∏µ‡∏Ñ‡πà‡∏∞ ‡∏ä‡πà‡∏ß‡∏¢‡∏™‡∏≠‡∏î‡∏™‡πà‡∏≠‡∏á
‡∏Ñ‡∏ô‡∏°‡∏µ‡∏®‡∏µ‡∏• ‡∏à‡∏∞‡πÑ‡∏°‡πà‡πÄ‡∏ö‡∏µ‡∏¢‡∏î‡πÄ‡∏ö‡∏µ‡∏¢‡∏ô‡∏Ñ‡∏ô‡∏≠‡∏∑‡πà‡∏ô 
7:57	‡πÑ‡∏´‡∏°(‡∏ä‡∏∏‡∏ï‡∏¥‡∏ß‡∏£‡∏£‡∏ì)	[Video]
14:41	‡∏ô‡πâ‡∏≠‡∏¢ ‡∏Ñ‡∏á‡∏Å‡∏ï‡∏±‡∏ç‡∏ç‡∏π‡∏™‡∏Å‡∏∏‡∏•	‡∏™‡∏≤‡∏ò‡∏∏‡∏Ñ‡∏∞
22:27	Best One 2019 joined the chat.
9:34	Lah	‡∏ù‡∏∂‡∏Å‡∏ó‡∏≥detox
‡∏î‡∏µ‡∏Å‡∏ß‡πà‡∏≤‡∏Å‡∏¥‡∏ô‡∏¢‡∏≤‡∏Ñ‡πà‡∏∞
9:35	Lah	[Photo]
9:35	Lah	‡∏ö‡πâ‡∏≤‡∏ô‡∏≠‡∏¢‡∏π‡πà‡πÑ‡∏´‡∏ô‡∏Ñ‡∏∞
‡∏°‡∏µ‡∏Ñ‡πà‡∏≤‡∏¢‡∏´‡∏•‡∏≤‡∏¢‡∏ó‡∏µ‡πà
‡∏™‡∏∞‡∏î‡∏ß‡∏Å‡∏ó‡∏µ‡πà‡πÑ‡∏´‡∏ô
‡πÄ‡∏ä‡∏¥‡∏ç‡∏Ñ‡πà‡∏∞
9:52	‡∏´‡∏°‡∏π‡πÑ‡∏™‡∏õ‡∏£‡πå‡∏ã‡∏µ‡πà	‡∏ß‡∏¥‡∏ó‡∏¢‡∏≤‡∏•‡∏±‡∏¢‡πÄ‡∏õ‡∏¥‡∏î‡πÅ‡∏•‡πâ‡∏ß‡πÑ‡∏õ‡πÄ‡∏Ç‡πâ‡∏≤‡∏Ñ‡∏≤‡πà‡∏¢‡πÑ‡∏°‡πà‡πÑ‡∏î‡πâ‡∏Ñ‡πà‡∏∞‡πÅ‡∏ô‡∏∞‡∏ô‡∏≥‡πÉ‡∏´‡πâ‡∏ó‡∏≥‡∏™‡∏ß‡∏ô‡∏•‡∏≤‡πâ‡∏á‡πÅ‡∏•‡πâ‡∏ß‡∏Ñ‡πà‡∏∞
9:54	‡∏´‡∏°‡∏π‡πÑ‡∏™‡∏õ‡∏£‡πå‡∏ã‡∏µ‡πà	‡∏û‡∏¥‡∏©‡∏ì‡∏∏‡πÇ‡∏•‡∏Å‡∏Ñ‡πà‡∏∞
11:47	lotty	‡∏´‡∏≤‡πÄ‡∏ß‡∏•‡∏≤‡πÑ‡∏õ‡πÄ‡∏Ç‡πâ‡∏≤‡∏Ñ‡πà‡∏≤‡∏¢‡πÉ‡∏´‡πâ‡πÑ‡∏î‡πâ‡∏ã‡∏±‡∏Å‡∏Ñ‡∏£‡∏±‡πâ‡∏á‡∏Ñ‡πà‡∏∞..‡∏≠‡∏¢‡∏π‡πà‡πÑ‡∏°‡πà‡∏Ñ‡∏£‡∏ö‡∏Å‡πá‡πÑ‡∏°‡πà‡πÄ‡∏õ‡πá‡∏ô‡πÑ‡∏£..‡∏•‡∏π‡∏Å‡∏™‡∏≤‡∏ß‡πÄ‡∏£‡∏≤‡πÄ‡∏Ñ‡∏¢‡πÑ‡∏õ‡∏Ñ‡πà‡∏≤‡∏¢9‡∏ß‡∏±‡∏ô..‡∏≠‡∏¢‡∏π‡πÑ‡∏î‡πâ3‡∏ß‡∏±‡∏ô‡∏Å‡∏•‡∏±‡∏ö‡πÑ‡∏õ‡∏ó‡∏≥‡∏á‡∏≤‡∏ô‡πÅ‡∏•‡πâ‡∏ß‡∏Å‡∏•‡∏±‡∏ö‡∏Ñ‡πà‡∏≤‡∏¢‡∏≠‡∏µ‡∏Å‡∏Å‡πá‡πÄ‡∏Ñ‡∏¢..‡πÄ‡∏Ç‡πâ‡∏≤‡∏Ñ‡πà‡∏≤‡∏¢‡∏à‡∏∞‡πÑ‡∏î‡πâ‡∏≠‡∏∞‡πÑ‡∏£‡πÄ‡∏¢‡∏≠‡∏∞‡∏Å‡∏ß‡πà‡∏≤‡∏ó‡∏≥‡∏ó‡∏µ‡πà‡∏ö‡πâ‡∏≤‡∏ô‡πÑ‡∏î‡πâ‡∏™‡∏∏‡∏Ç‡∏†‡∏≤‡∏û‡∏Å‡∏≤‡∏¢‡πÉ‡∏à‡∏´‡∏°‡∏π‡πà‡∏Å‡∏•‡∏∏‡πà‡∏°‡∏û‡∏•‡∏±‡∏á‡∏Ñ‡∏ß‡∏≤‡∏°‡∏î‡∏µ‡∏´‡∏≤‡∏¢‡πÇ‡∏£‡∏Ñ‡πÄ‡∏£‡πá‡∏ß‡∏Ñ‡πà‡∏∞..‡∏•‡∏π‡∏Å‡∏™‡∏≤‡∏ß‡πÄ‡∏Ñ‡∏¢‡∏≠‡∏¢‡∏π‡πà‡∏ö‡πâ‡∏≤‡∏ô‡πÅ‡∏™‡∏ô‡∏™‡∏∞‡∏î‡∏ß‡∏Å‡∏™‡∏ö‡∏≤‡∏¢‡πÑ‡∏õ‡∏Ñ‡πà‡∏≤‡∏¢‡∏•‡∏≥‡∏ö‡∏≤‡∏Å‡∏Å‡∏•‡∏±‡∏ß‡∏ó‡∏ô‡πÑ‡∏°‡πà‡πÑ‡∏î‡πâ‡πÅ‡∏ï‡πà‡∏ú‡∏¥‡∏î‡∏Ñ‡∏≤‡∏î‡∏ô‡∏≤‡∏á‡∏ó‡∏≥‡πÑ‡∏î‡πâ‡∏ó‡∏∏‡∏Å‡∏≠‡∏¢‡πà‡∏≤‡∏á‡∏ó‡∏±‡πâ‡∏á‡∏î‡∏∑‡πà‡∏°-‡πÉ‡∏ä‡πâ‡∏ô‡πâ‡∏≥‡∏õ‡∏±‡∏™‡∏™‡∏≤‡∏ß‡∏∞‡∏î‡πâ‡∏ß‡∏¢..‡∏û‡∏•‡∏±‡∏á‡∏Ñ‡∏ß‡∏≤‡∏°‡∏î‡∏µ‡∏°‡∏µ‡∏°‡∏≤‡∏Å‡∏°‡∏≤‡∏¢‡πÉ‡∏ô‡∏Ñ‡πà‡∏≤‡∏¢..‡πÑ‡∏õ‡πÅ‡∏•‡πâ‡∏ß‡∏Ç‡∏∞‡∏ï‡∏¥‡∏î‡πÉ‡∏à‡∏ï‡πâ‡∏≠‡∏á‡πÑ‡∏õ‡∏≠‡∏µ‡∏Å‡∏´‡∏•‡∏≤‡∏ö‡πÜ‡∏Ñ‡∏£‡∏±‡πâ‡∏á..‡∏´‡∏≤‡πÇ‡∏≠‡∏Å‡∏≤‡∏™‡πÑ‡∏õ‡πÉ‡∏´‡πâ‡πÑ‡∏î‡πâ..‡∏´‡∏°‡∏≠‡∏ó‡∏µ‡πà‡∏î‡∏µ‡∏ó‡∏µ‡πà‡∏™‡∏∏‡∏î‡∏Ñ‡∏∑‡∏≠‡∏ï‡∏±‡∏ß‡πÄ‡∏£‡∏≤‡πÄ‡∏≠‡∏á..(happy)(hahaha)(LOL)
11:52	‡∏¢‡πà‡∏≤‡∏à‡πã‡∏≤.	‡∏ß‡∏±‡∏ô‡∏ô‡∏µ‡πâ‡πÄ‡∏õ‡πá‡∏ô‡∏ß‡∏±‡∏ô‡∏™‡∏¥‡πâ‡∏ô‡∏õ‡∏µ‡πÄ‡∏Å‡πà‡∏≤‡πÅ‡∏•‡πâ‡∏ß‡∏õ‡∏µ‡πÉ‡∏´‡∏°‡πà‡∏à‡∏∞‡∏°‡∏≤‡∏ñ‡∏∂‡∏á‡∏≠‡∏µ‡∏Å‡πÑ‡∏°‡πà‡∏Å‡∏µ‡∏ä‡∏±‡πà‡∏ß‡πÇ‡∏°‡∏á‡∏ô‡∏µ‡πâ‡∏Ç‡∏≠‡∏≠‡∏ô‡∏∏‡∏ç‡∏≤‡∏ï‡πÄ‡∏•‡πà‡∏≤‡πÄ‡∏£‡∏∑‡πà‡∏≠‡∏á‡πÄ‡∏Å‡πà‡∏≤‡πÜ‡πÉ‡∏ô‡∏õ‡∏µ‡πÄ‡∏Å‡πà‡∏≤‡πÉ‡∏´‡πâ‡∏™‡∏°‡∏≤‡∏ä‡∏¥‡∏Å‡πÉ‡∏ô‡∏Å‡∏•‡∏∏‡πà‡∏°‡∏û‡∏ß‡∏ò.‡∏ü‡∏±‡∏á‡∏ß‡πà‡∏≤‡πÄ‡∏£‡∏∑‡πà‡∏≠‡∏á‡∏õ‡πà‡∏ß‡∏¢‡∏Å‡∏≤‡∏¢‡∏õ‡πà‡∏ß‡∏¢‡πÉ‡∏à‡∏°‡∏±‡∏ô‡πÄ‡∏õ‡πá‡∏ô‡∏ó‡∏∏‡∏Å‡∏Ç‡πå‡∏≠‡∏±‡∏ô‡∏¢‡∏¥‡πà‡∏á‡πÉ‡∏´‡∏ç‡πà‡∏™‡∏≥‡∏´‡∏£‡∏±‡∏ö‡∏ï‡∏±‡∏ß‡πÄ‡∏£‡∏≤‡πÅ‡∏ï‡πà‡∏Å‡πá‡∏î‡πâ‡∏ß‡∏¢‡∏ß‡∏¥‡∏ö‡∏≤‡∏Å‡πÄ‡∏£‡∏≤‡∏Ñ‡∏á‡∏ô‡πâ‡∏≠‡∏¢‡∏ô‡∏¥‡∏î‡∏ó‡∏µ‡πà‡πÑ‡∏î‡πâ‡∏°‡∏≤‡πÄ‡∏£‡∏µ‡∏¢‡∏ô‡∏£‡∏π‡πâ‡∏ß‡∏¥‡∏ò‡∏µ‡∏î‡∏π‡πÅ‡∏•‡∏™‡∏∏‡∏Ç‡∏†‡∏≤‡∏û‡∏î‡πâ‡∏ß‡∏¢‡πÅ‡∏ö‡∏ö‡∏Ç‡∏≠‡∏á‡∏û‡∏ß‡∏ò.‡∏Å‡∏£‡∏≤‡∏ö‡∏Ç‡∏≠‡∏ö‡∏û‡∏£‡∏∞‡∏Ñ‡∏∏‡∏ì‡∏ó‡πà‡∏≤‡∏ô‡∏≠‡∏à.‡∏´‡∏°‡∏≠‡πÄ‡∏Ç‡∏µ‡∏¢‡∏ß‡πÅ‡∏•‡∏∞‡∏Ç‡∏≠‡∏ö‡∏û‡∏£‡∏∞‡∏Ñ‡∏∏‡∏ì‡∏û‡∏µ‡πà‡πÜ‡∏à‡∏¥‡∏ï‡∏≠‡∏≤‡∏™‡∏≤‡∏ó‡∏∏‡∏Å‡∏ó‡πà‡∏≤‡∏ô‡∏û‡∏µ‡πà‡∏ô‡πâ‡∏≠‡∏á‡∏£‡πà‡∏ß‡∏¢‡∏Ñ‡πà‡∏≤‡∏¢‡∏ó‡∏µ‡πà‡πÉ‡∏´‡πâ‡∏Ñ‡∏ß‡∏≤‡∏°‡∏£‡∏π‡πâ‡πÄ‡∏£‡∏∑‡πà‡∏≠‡∏á‡∏î‡∏π‡πÅ‡∏•‡∏™‡∏∏‡∏Ç‡∏†‡∏≤‡∏û ‡∏ï‡∏≠‡∏ô‡∏ô‡∏µ‡πâ‡∏ï‡∏±‡∏ß‡πÄ‡∏£‡∏≤‡∏°‡∏µ‡∏Ñ‡∏ß‡∏≤‡∏°‡∏™‡∏∏‡∏Ç‡πÉ‡∏à‡∏™‡∏∏‡∏Ç‡∏Å‡∏≤‡∏¢‡πÄ‡∏£‡∏≤‡πÑ‡∏°‡πà‡∏ï‡πâ‡∏≠‡∏á‡∏°‡∏≤‡∏ô‡∏±‡πà‡∏á‡πÄ‡∏Å‡∏≤‡∏Ç‡∏∂‡πâ‡∏Å‡∏•‡∏≤‡∏Å‡∏≠‡∏µ‡∏Å‡πÅ‡∏•‡πâ‡∏ß‡∏Ñ‡πà‡∏∞‡∏ï‡∏±‡∏ß‡πÄ‡∏£‡∏≤‡∏°‡∏µ‡∏Ñ‡∏ß‡∏≤‡∏°‡∏™‡∏∏‡∏Ç‡∏Å‡∏≤‡∏¢‡∏™‡∏∏‡∏Ç‡πÉ‡∏à‡πÅ‡∏•‡∏∞‡∏≠‡∏¢‡∏≤‡∏Å‡∏™‡πà‡∏á‡∏Ñ‡∏ß‡∏≤‡∏°‡∏™‡∏∏‡∏Ç‡∏ô‡∏µ‡πâ‡∏°‡∏≤‡∏¢‡∏±‡∏á‡∏û‡∏µ‡πà‡∏ô‡πâ‡∏≠‡∏á‡∏£‡πà‡∏ß‡∏°‡∏Ñ‡πà‡∏≤‡∏¢‡∏ó‡∏∏‡∏Å‡∏ó‡πà‡∏≤‡∏ô‡∏Ç‡∏≠‡πÉ‡∏´‡πâ‡∏ó‡πà‡∏≤‡∏ô‡∏à‡∏á‡∏°‡∏µ‡∏™‡∏∏‡∏Ç‡∏†‡∏≤‡∏û‡πÅ‡∏Ç‡πá‡∏á‡πÅ‡∏£‡∏á‡πÅ‡∏•‡∏∞‡∏´‡∏°‡∏±‡πà‡∏ô‡∏®‡∏∂‡∏Å‡∏©‡∏≤‡∏¢‡∏≤‡πô‡πÄ‡∏°‡πá‡∏î‡πÑ‡∏ß‡πâ‡∏î‡∏π‡πÅ‡∏•‡∏£‡∏±‡∏Å‡∏©‡∏≤‡∏ï‡∏ô‡πÉ‡∏´‡πâ‡∏´‡∏≤‡∏¢‡∏à‡∏≤‡∏Å
‡∏≠‡∏≤‡∏Å‡∏≤‡∏£‡∏õ‡πà‡∏ß‡∏¢‡∏Å‡∏≤‡∏¢‡∏õ‡πà‡∏ß‡∏¢‡πÉ‡∏à‡∏Ç‡∏≠‡∏á‡∏ï‡∏ô‡πÄ‡∏≠‡∏á‡πÅ‡∏•‡πâ‡∏ß‡∏™‡∏∏‡∏Ç‡∏†‡∏≤‡∏û‡∏ó‡∏µ‡πà‡πÅ‡∏Ç‡πá‡∏á‡πÅ‡∏£‡∏á‡πÄ‡∏ö‡∏≤‡∏Å‡∏≤‡∏¢‡∏°‡∏µ‡∏û‡∏•‡∏±‡∏á‡∏Å‡πá‡∏à‡∏∞‡πÄ‡∏õ‡πá‡∏ô‡∏Ç‡∏≠‡∏á‡∏û‡∏µ‡πà‡∏ô‡πâ‡∏≠‡∏á‡∏ó‡∏∏‡∏Å‡∏ó‡πà‡∏≤‡∏ô‡∏Ñ‡πà‡∏∞ ‡∏™‡∏≤‡∏ò‡∏∏
12:39	Lah	‡∏Ñ‡πà‡∏∞ ‡∏Ñ‡∏ß‡∏≤‡∏°‡∏•‡∏≥‡∏ö‡∏≤‡∏Å ‡∏ó‡∏≥‡πÉ‡∏´‡πâ‡∏Å‡∏∏‡∏®‡∏•‡∏ò‡∏£‡∏£‡∏°‡πÄ‡∏à‡∏£‡∏¥‡∏ç‡∏¢‡∏¥‡πà‡∏á
12:40	Lah	‡∏™‡∏ß‡∏ô3‡∏¢‡∏¥‡∏ô‡∏î‡∏µ‡∏ï‡πâ‡∏≠‡∏ô‡∏£‡∏±‡∏ö‡∏Ñ‡πà‡∏∞
13:38	‡∏Å‡∏≤‡∏ô‡∏ß‡∏£‡∏±‡∏ä ‡∏®‡∏£‡∏µ‡∏à‡∏∏‡∏•‡∏Æ‡∏≤‡∏ï	[Sticker]
14:24	‡∏´‡∏°‡∏π‡πÑ‡∏™‡∏õ‡∏£‡πå‡∏ã‡∏µ‡πà	‡∏Ç‡∏≠‡∏ö‡∏Ñ‡∏∏‡∏ì‡∏°‡∏≤‡∏Å‡πÜ‡∏Ñ‡πà‡∏∞
19:23	‡∏¢‡∏≤‡∏¢‡∏Å‡πâ‡∏≤‡∏ô	‡∏Ç‡∏≠‡∏ö‡∏Ñ‡∏∏‡∏ì‡∏Ñ‡∏∞‡∏≠‡∏≤‡∏à‡∏≤‡∏£‡∏¢‡πå
19:42	Tee Review	" ‡πÑ‡∏°‡πà‡∏ï‡πâ‡∏≠‡∏á‡∏ï‡∏∑‡πà‡∏ô‡πÄ‡∏ï‡πâ‡∏ô‡∏Å‡∏±‡∏ö‡∏ß‡∏±‡∏ô‡πÉ‡∏´‡∏°‡πà ‡∏õ‡∏µ‡πÉ‡∏´‡∏°‡πà ‡∏≠‡∏±‡∏ô‡∏ô‡∏±‡πâ‡∏ô‡∏°‡∏±‡∏ô‡∏´‡∏°‡∏∏‡∏ô‡πÑ‡∏õ‡∏ï‡∏≤‡∏°‡πÄ‡∏£‡∏∑‡πà‡∏≠‡∏á‡∏Ç‡∏≠‡∏á‡∏°‡∏±‡∏ô ‡∏ß‡∏±‡∏ô‡∏´‡∏ô‡∏∂‡πà‡∏á ‡πÄ‡∏î‡∏∑‡∏≠‡∏ô‡∏´‡∏ô‡∏∂‡πà‡∏á ‡∏õ‡∏µ‡∏´‡∏ô‡∏∂‡πà‡∏á ‡∏≠‡∏±‡∏ô‡∏ô‡∏±‡πâ‡∏ô‡πÄ‡∏õ‡πá‡∏ô‡∏™‡∏°‡∏°‡∏∏‡∏ï‡∏¥‡∏ö‡∏±‡∏ç‡∏ç‡∏±‡∏ï‡∏¥‡∏Ç‡∏∂‡πâ‡∏ô‡∏°‡∏≤ 
‡∏≠‡∏±‡∏ô‡∏ó‡∏µ‡πà‡πÄ‡∏£‡∏≤‡∏Ñ‡∏ß‡∏£‡∏à‡∏∞‡∏ï‡∏∑‡πà‡∏ô‡πÄ‡∏ï‡πâ‡∏ô‡∏ô‡∏±‡πâ‡∏ô ‡∏Ñ‡∏ß‡∏£‡∏ï‡∏∑‡πà‡∏ô‡πÄ‡∏ï‡πâ‡∏ô‡∏ó‡∏µ‡πà‡∏ï‡∏±‡∏ß‡∏Ç‡∏≠‡∏á‡πÄ‡∏£‡∏≤‡∏ß‡πà‡∏≤ ‡∏ß‡∏±‡∏ô‡∏´‡∏ô‡∏∂‡πà‡∏á‡πÜ  ‡πÄ‡∏î‡∏∑‡∏≠‡∏ô‡∏´‡∏ô‡∏∂‡πà‡∏á ‡∏õ‡∏µ‡∏´‡∏ô‡∏∂‡πà‡∏á ‡πÄ‡∏£‡∏≤‡πÄ‡∏à‡∏£‡∏¥‡∏ç‡∏Ç‡∏∂‡πâ‡∏ô ‡∏´‡∏£‡∏∑‡∏≠‡∏ß‡πà‡∏≤‡πÄ‡∏£‡∏≤‡πÄ‡∏™‡∏∑‡πà‡∏≠‡∏°‡∏•‡∏á ‡∏≠‡∏±‡∏ô‡∏ô‡∏±‡πâ‡∏ô‡∏ï‡πà‡∏≤‡∏á‡∏´‡∏≤‡∏Å 
‡πÄ‡∏£‡∏≤‡πÄ‡∏´‡πá‡∏ô‡∏Ñ‡∏ß‡∏≤‡∏°‡πÄ‡∏™‡∏∑‡πà‡∏≠‡∏° ‡∏Ñ‡∏ß‡∏≤‡∏°‡πÄ‡∏à‡∏£‡∏¥‡∏ç‡∏Ç‡∏≠‡∏á‡πÄ‡∏£‡∏≤‡πÅ‡∏ó‡πâ‡∏à‡∏£‡∏¥‡∏á ‡∏£‡πà‡∏≤‡∏á‡∏Å‡∏≤‡∏¢‡∏Ç‡∏≠‡∏á‡πÄ‡∏£‡∏≤ ‡∏°‡∏±‡∏ô‡πÄ‡∏à‡∏£‡∏¥‡∏ç‡∏Ç‡∏∂‡πâ‡∏ô‡πÑ‡∏°‡πà‡∏°‡∏µ‡∏´‡∏£‡∏≠‡∏Å  ‡∏°‡∏µ‡πÅ‡∏ï‡πà‡πÄ‡∏™‡∏∑‡πà‡∏≠‡∏°‡∏•‡∏á ‡πÄ‡∏Å‡∏¥‡∏î‡∏Ç‡∏∂‡πâ‡∏ô‡∏°‡∏≤‡πÅ‡∏•‡πâ‡∏ß‡∏Å‡πá‡πÄ‡∏™‡∏∑‡πà‡∏≠‡∏°‡∏•‡∏á‡∏ó‡∏∏‡∏Å‡∏ó‡∏µ ‡πÜ"