0,https://live.staticflickr.com/8242/8487666183_3eff3d2f23_o.jpg
1,
2,https://live.staticflickr.com/7758/17325476055_1e852a68e5_o.jpg
3,https://live.staticflickr.com/4012/4703637309_9814305dbc_o.jpg
4,https://live.staticflickr.com/7177/6825947764_cab7cae3c8_o.jpg
5,https://live.staticflickr.com/4116/4872435618_fe773aa917_o.jpg
6,https://live.staticflickr.com/5040/7060384125_7047ecdbff_o.jpg
7,https://live.staticflickr.com/5589/15311806765_f7a94fd4dc_o.jpg
8,https://live.staticflickr.com/5016/5524665573_ca4f37c949_o.jpg
9,https://live.staticflickr.com/2808/9493011478_5ba1bab656_o.jpg
10,https://live.staticflickr.com/5238/5913452967_c57550acbf_o.jpg
11,https://live.staticflickr.com/2270/1912212340_5016fb525f_o.jpg
12,https://live.staticflickr.com/8215/8314519232_01f8260924_o.jpg
13,https://live.staticflickr.com/7255/6881156072_9ee97d0d9f_o.jpg
14,https://live.staticflickr.com/2096/1912198498_e46283f552_o.jpg
15,
16,
17,https://live.staticflickr.com/3618/3495871394_e9be6579f9_o.jpg
18,
19,https://live.staticflickr.com/3762/12244783725_86703b4981_o.jpg
20,
21,
22,https://live.staticflickr.com/5516/9671207930_8dfde6243b_o.jpg
23,https://live.staticflickr.com/8004/7691332970_b05c77bdd0_o.jpg
24,
25,https://live.staticflickr.com/5161/5334767896_562f878369_o.jpg
26,https://live.staticflickr.com/4144/4990271246_e2593276b6_o.jpg
27,https://live.staticflickr.com/2478/3722478694_f2cd8d558c_o.jpg
28,https://live.staticflickr.com/7265/7665998592_3f2fed4c5a_o.jpg
29,https://live.staticflickr.com/3373/3330811774_c63fb144c8_o.jpg
30,https://live.staticflickr.com/6089/6069206673_65bcb04876_o.jpg
31,https://live.staticflickr.com/8016/7476110054_c87bc8ee6d_o.jpg
32,https://live.staticflickr.com/5053/5412266872_207ece330d_o.jpg
33,https://live.staticflickr.com/7176/6817017008_f6d74822e4_o.jpg
34,https://live.staticflickr.com/5068/5668683027_2bdc454feb_o.jpg
35,https://live.staticflickr.com/3619/3630322910_8fb897497b_o.jpg
36,
37,
38,https://live.staticflickr.com/1514/26595505461_f844147b93_o.jpg
39,https://live.staticflickr.com/6089/6145682705_666893e84e_o.jpg
40,https://live.staticflickr.com/1691/25037585162_9888fbf109_o.jpg
41,https://live.staticflickr.com/6167/6180043723_c3a7254541_o.jpg
42,https://live.staticflickr.com/7030/6738693611_284d73b78e_o.jpg
43,https://live.staticflickr.com/8004/7276865788_ee5db2abd9_o.jpg
44,https://live.staticflickr.com/8458/8061492584_e89996e62e_o.jpg
45,https://live.staticflickr.com/48/134560688_947a8af1ba_o.jpg
46,
47,https://live.staticflickr.com/3379/4627853786_2eb5e4e343_o.jpg
48,
49,https://live.staticflickr.com/6221/6348564115_1fc6200711_o.jpg
