0,https://live.staticflickr.com/7067/6939588821_f4024160e6_o.jpg
1,https://live.staticflickr.com/7110/26696345200_16ac5973f0_o.jpg
2,https://live.staticflickr.com/7190/26365500943_333f9cd783_o.jpg
3,https://live.staticflickr.com/7412/26365478593_495949174c_o.jpg
4,https://live.staticflickr.com/7202/26696346290_edfab6ef8d_o.jpg
5,https://live.staticflickr.com/7679/26901147261_1391a51f63_o.jpg
6,https://live.staticflickr.com/7142/26696312840_50463cfc44_o.jpg
7,https://live.staticflickr.com/7588/26696317070_110fd6a6fa_o.jpg
8,https://live.staticflickr.com/1088/5137743712_6aa161f955_o.jpg
9,https://live.staticflickr.com/7092/26364140304_7a01d48cae_o.jpg
10,https://live.staticflickr.com/7380/26365499683_f0b65d4f76_o.jpg
11,https://live.staticflickr.com/7811/32974996078_e97c45bd1f_o.jpg
12,https://live.staticflickr.com/7767/26696344630_9939b361d6_o.jpg
13,https://live.staticflickr.com/7839/45935817455_eac5bcf5aa_o.png
14,https://live.staticflickr.com/4858/32974996138_1477421ef9_o.jpg
15,https://live.staticflickr.com/4914/32974995868_13cb3e1730_o.jpg
16,https://live.staticflickr.com/4086/5061262893_7b256e6712_o.jpg
17,https://live.staticflickr.com/7235/26696327690_602e46cbe5_o.jpg
18,https://live.staticflickr.com/7239/26901149381_8fa99494cf_o.jpg
19,https://live.staticflickr.com/7626/26696310940_ebb94ecf53_o.jpg
20,https://live.staticflickr.com/7632/26364138754_77cd030b8d_o.jpg
21,https://live.staticflickr.com/7129/26901116991_a2d89cd0c7_o.jpg
22,https://live.staticflickr.com/7444/26901112801_fd5e418aa8_o.jpg
23,https://live.staticflickr.com/7229/26875391902_458400845f_o.jpg
24,https://live.staticflickr.com/7393/26696343090_74d1911a31_o.jpg
25,https://live.staticflickr.com/7022/26696345710_5e90990950_o.jpg
26,https://live.staticflickr.com/7036/26969707095_4714ebf141_o.jpg
27,https://live.staticflickr.com/7571/26901124321_57d24556bd_o.jpg
28,https://live.staticflickr.com/7254/26901128721_869a023dc2_o.jpg
29,https://live.staticflickr.com/7673/26901127681_9bc01f9a14_o.jpg
30,https://live.staticflickr.com/7364/26969702115_5dd9d441c5_o.jpg
31,https://live.staticflickr.com/7052/26901130831_362268b286_o.jpg
32,https://live.staticflickr.com/7711/26365484733_4ff4e0a135_o.jpg
33,https://live.staticflickr.com/7856/32974996428_0fd2201827_o.jpg
34,https://live.staticflickr.com/7531/26364137314_67d5ae688d_o.jpg
35,https://live.staticflickr.com/7549/26901119861_c7e89a7a55_o.jpg
36,https://live.staticflickr.com/7557/26696348180_ca8ca059b6_o.jpg
37,https://live.staticflickr.com/7034/26365498313_795fd06141_o.jpg
38,https://live.staticflickr.com/7582/26969729365_ef803c0566_o.jpg
39,https://live.staticflickr.com/7088/26901111401_e82ef8fa1b_o.jpg
40,https://live.staticflickr.com/7469/26696326200_3db520557c_o.jpg
41,https://live.staticflickr.com/7790/26696323110_d6271ba7f8_o.jpg
42,https://live.staticflickr.com/7702/26969704875_dd5914620c_o.jpg
43,https://live.staticflickr.com/7530/26969725015_fa00c7079e_o.jpg
44,https://live.staticflickr.com/7634/26901129681_de60252384_o.jpg
45,https://live.staticflickr.com/7253/26969708775_ee8697879a_o.jpg
46,https://live.staticflickr.com/4131/4968864181_190231d117_o.jpg
47,https://live.staticflickr.com/4133/4974933508_b4563d58be_o.jpg
48,https://live.staticflickr.com/7336/26875393442_60228c7fc6_o.jpg
49,https://live.staticflickr.com/4318/35453640893_ccdffb2ff1_o.jpg
50,https://live.staticflickr.com/7495/26969727365_c7a06e3d0b_o.jpg
51,https://live.staticflickr.com/7440/16342317320_4824b355c2_o.jpg
52,https://live.staticflickr.com/5549/12475041865_8b2c46cf71_o.jpg
53,https://live.staticflickr.com/4892/32974996298_827405b6ce_o.jpg
54,https://live.staticflickr.com/4267/35104993802_7885a42102_o.jpg
55,https://live.staticflickr.com/3710/11756552915_9d96b86c98_o.jpg
56,https://live.staticflickr.com/7301/9510177950_4f0836eab4_o.jpg
57,https://live.staticflickr.com/3865/14768925156_3253c480a9_o.jpg
58,https://live.staticflickr.com/7387/16179440257_acf436c2ff_o.png
59,https://live.staticflickr.com/8655/16177701578_80ae59ab49_o.png
60,https://live.staticflickr.com/4775/40065943664_dc1cd610b5_o.jpg
61,https://live.staticflickr.com/8393/8698609443_b435fac99b_o.jpg
62,https://live.staticflickr.com/7337/9222873379_197cef5725_o.jpg
63,https://live.staticflickr.com/1778/43084759395_82683db74f_o.jpg
64,
65,https://live.staticflickr.com/2819/11385429953_7664de3e6b_o.jpg
66,https://live.staticflickr.com/3883/14669754946_3a9f9cfe88_o.jpg
67,https://live.staticflickr.com/3790/11695177324_8f2c2a95b4_o.jpg
68,https://live.staticflickr.com/5489/11385288245_99c986e3d1_o.jpg
69,https://live.staticflickr.com/2943/15340165751_9b8baeaa58_o.png
70,https://live.staticflickr.com/7287/16365324485_f96d6d5601_o.png
71,https://live.staticflickr.com/2849/11385345604_6c5bd4693f_o.jpg
72,https://live.staticflickr.com/3809/11385426693_637fb1359c_o.jpg
73,
74,https://live.staticflickr.com/5505/11385296456_113b966592_o.jpg
75,https://live.staticflickr.com/3782/11385437923_d6fefe481a_o.jpg
76,https://live.staticflickr.com/7341/11385342404_f67df0a4eb_o.jpg
77,https://live.staticflickr.com/829/41935245491_0a85667622_o.jpg
78,https://live.staticflickr.com/3769/11385300825_29b09ed485_o.jpg
79,
80,https://live.staticflickr.com/3849/14692240110_597c8e52bc_o.jpg
81,https://live.staticflickr.com/7375/8728517803_4752d04d15_o.jpg
82,https://live.staticflickr.com/7387/11385344144_97b45b9572_o.jpg
83,https://live.staticflickr.com/7305/11385303435_4d0b4a4b3e_o.jpg
84,https://live.staticflickr.com/3706/11385337674_6baba4723d_o.jpg
85,https://live.staticflickr.com/8731/16651142167_801ca07196_o.jpg
86,
87,https://live.staticflickr.com/7303/11385301266_272e092579_o.jpg
88,https://live.staticflickr.com/7547/16053504967_7d9aa451e6_o.jpg
89,https://live.staticflickr.com/5519/11385304006_e2eeda97cd_o.jpg
90,https://live.staticflickr.com/2881/11385294695_ccf25a05a6_o.jpg
91,https://live.staticflickr.com/8648/16233657616_983ed7865c_o.jpg
92,https://live.staticflickr.com/7434/16502082345_162aa68587_o.png
93,https://live.staticflickr.com/8058/8264740114_91c74ec2f3_o.jpg
94,https://live.staticflickr.com/2930/14190203928_4a99ac0a50_o.jpg
95,https://live.staticflickr.com/7354/16406582905_bb3d7a6de1_o.png
96,https://live.staticflickr.com/7189/13926879743_407f1a21a5_o.jpg
97,https://live.staticflickr.com/2876/9461691126_ed7952bd94_o.jpg
98,https://live.staticflickr.com/8229/8545684549_736918abed_o.jpg
99,https://live.staticflickr.com/4621/38995386554_496f2ee3bf_o.jpg
100,https://live.staticflickr.com/5520/10310771125_81fd152e73_o.jpg
101,https://live.staticflickr.com/638/21700081849_327b9d02ac_o.png
102,
103,https://live.staticflickr.com/7355/15784110904_5c75ca182e_o.png
104,https://live.staticflickr.com/7121/13915508113_47019cf78e_o.jpg
105,https://live.staticflickr.com/8630/16857402571_14234f47c3_o.jpg
106,https://live.staticflickr.com/8217/29626182562_93a8803938_o.jpg
107,https://live.staticflickr.com/682/31650112000_0181e65a16_o.jpg
108,https://live.staticflickr.com/1687/24437914932_1b0fbc73a9_o.png
109,https://live.staticflickr.com/8671/15786541623_a53ae129de_o.png
110,https://live.staticflickr.com/793/26156125977_2087f5e022_o.png
111,
112,https://live.staticflickr.com/4222/34968503881_b3cbe2c1ff_o.jpg
113,https://live.staticflickr.com/7816/47231696951_ecf5e7aac6_o.jpg
114,https://live.staticflickr.com/7495/15865774837_2108513a3f_o.png
115,
116,https://live.staticflickr.com/2500/4155164455_1c7e0e4e20_o.png
117,https://live.staticflickr.com/2945/15428562221_bafe455143_o.jpg
118,https://live.staticflickr.com/8391/28785397353_a68f2d9180_o.png
119,https://live.staticflickr.com/3158/3354115163_8e590906a3_o.jpg
120,
121,https://live.staticflickr.com/7293/9683037300_40f7422fd3_o.png
122,https://live.staticflickr.com/4008/4364057383_7de24572cb_o.jpg
123,
124,https://live.staticflickr.com/1715/23898766010_1b9807ae56_o.png
125,https://live.staticflickr.com/8406/29372501196_749274f6e8_o.png
126,https://live.staticflickr.com/7632/16236078674_d5baede2ee_o.jpg
127,https://live.staticflickr.com/7615/16672305979_63539242c7_o.jpg
128,https://live.staticflickr.com/1686/26085331793_f9ef1bac0b_o.jpg
129,
130,https://live.staticflickr.com/8509/8545673527_5257ca4495_o.jpg
131,https://live.staticflickr.com/2699/4155925088_ff8ecb016f_o.png
132,https://live.staticflickr.com/4229/35488301276_168ec42a5f_o.jpg
133,https://live.staticflickr.com/8652/16857287022_e2ab93b011_o.jpg
134,https://live.staticflickr.com/7051/6801495682_c28b4023db_o.jpg
135,https://live.staticflickr.com/8106/8546779616_2fe276945d_o.jpg
136,https://live.staticflickr.com/8247/8546777878_3fb0d4e8cd_o.jpg
137,https://live.staticflickr.com/7460/13038977153_dc9728a591_o.png
138,https://live.staticflickr.com/3847/15289545036_ef871177fa_o.jpg
139,https://live.staticflickr.com/8386/8545675491_b4be5966e5_o.jpg
140,https://live.staticflickr.com/7442/13926880283_82d0de22c7_o.jpg
141,https://live.staticflickr.com/4723/38806806805_0d7f637f47_o.jpg
142,
143,https://live.staticflickr.com/8512/8545677517_e758d11bc6_o.jpg
144,
145,https://live.staticflickr.com/65535/48510415387_e7a26801eb_o.jpg
146,https://live.staticflickr.com/7284/8723542627_b4af19faa6_o.jpg
147,https://live.staticflickr.com/1707/24325559985_bd5d51b16e_o.jpg
148,https://live.staticflickr.com/3821/20457729361_c8fb363091_o.jpg
149,https://live.staticflickr.com/8214/8328376145_4276ae79a1_o.jpg
150,https://live.staticflickr.com/7021/13735789694_3d5b8c6d2f_o.jpg
151,https://live.staticflickr.com/7486/15716935139_d84cfeef68_o.jpg
152,https://live.staticflickr.com/8105/8541104991_51e41cf9e7_o.jpg
153,https://live.staticflickr.com/3708/9057166910_545bc64356_o.jpg
154,https://live.staticflickr.com/8657/16858436255_951054dd4f_o.jpg
155,https://live.staticflickr.com/3834/12585582694_3374a2fa82_o.jpg
156,https://live.staticflickr.com/8383/8598758414_ed33ac2361_o.jpg
157,https://live.staticflickr.com/7441/27484855075_287cc0e3b0_o.jpg
158,https://live.staticflickr.com/7600/16832572956_dec65219f9_o.jpg
159,https://live.staticflickr.com/4415/36067187694_0ec1f3609d_o.jpg
160,https://live.staticflickr.com/8120/8672284239_d46ed78df3_o.jpg
161,https://live.staticflickr.com/442/18756449602_499a22ddd5_o.jpg
162,https://live.staticflickr.com/7402/13822274334_c90526cec0_o.jpg
163,https://live.staticflickr.com/4154/5020096615_b49c61d12e_o.jpg
164,https://live.staticflickr.com/8610/16670848678_d2659e57cb_o.jpg
165,https://live.staticflickr.com/8737/17444463798_b696a23e57_o.jpg
166,https://live.staticflickr.com/7698/17444719290_b9a9bf6066_o.jpg
167,https://live.staticflickr.com/8870/17445986569_273a8ef69a_o.jpg
168,https://live.staticflickr.com/708/22694944624_0850843ffd_o.jpg
169,https://live.staticflickr.com/5452/9458026739_8477872f96_o.jpg
170,https://live.staticflickr.com/787/41193109401_3cea8d9cd7_o.jpg
171,https://live.staticflickr.com/5448/17445988159_fa45431a25_o.jpg
172,https://live.staticflickr.com/8564/15880463507_86c6124259_o.jpg
173,https://live.staticflickr.com/7799/17632301385_1e79245a88_o.jpg
174,https://live.staticflickr.com/3778/10677580805_4111c3eb51_o.jpg
175,https://live.staticflickr.com/2815/10677575025_51f3ce62f4_o.jpg
176,https://live.staticflickr.com/8883/17011959853_4a6a302be9_o.jpg
177,https://live.staticflickr.com/7469/16065535082_a325126f35_o.jpg
178,https://live.staticflickr.com/7345/10677845773_6ac435829f_o.jpg
179,https://live.staticflickr.com/7531/16066229345_24715b647a_o.jpg
180,https://live.staticflickr.com/8072/8278119017_b0928cf293_o.jpg
181,https://live.staticflickr.com/4418/36358274540_26e3052323_o.jpg
182,https://live.staticflickr.com/5770/22696198713_97f35d7534_o.jpg
183,https://live.staticflickr.com/4463/23831473858_a60aa271e2_o.jpg
184,https://live.staticflickr.com/2646/4156304008_7682e93934_o.png
185,https://live.staticflickr.com/5519/10598498433_d1cb29a7bc_o.jpg
186,
187,https://live.staticflickr.com/4474/37088823374_ec0a1a19da_o.jpg
188,https://live.staticflickr.com/7383/14084091853_7a7be1d3f2_o.jpg
189,https://live.staticflickr.com/8234/8546776728_89250ff65d_o.jpg
190,https://live.staticflickr.com/3951/33488113156_6543192f3f_o.jpg
191,https://live.staticflickr.com/5013/14060883452_65aa7cf97f_o.jpg
192,https://live.staticflickr.com/5719/23162385562_96b8f4d057_o.jpg
193,https://live.staticflickr.com/2891/33265745834_8c8488b904_o.jpg
194,https://live.staticflickr.com/8058/8247051627_56f06d9d68_o.jpg
195,https://live.staticflickr.com/5737/22694946094_9609b62ef4_o.jpg
196,https://live.staticflickr.com/7501/16066234145_58396f4aa8_o.jpg
197,
198,
199,https://live.staticflickr.com/2252/12976771545_e7d4f05b27_o.jpg
200,https://live.staticflickr.com/4200/34595173483_3b15da4141_o.png
201,https://live.staticflickr.com/4269/34562164494_bfdd35a790_o.png
202,https://live.staticflickr.com/8569/16585943746_db9e017a8d_o.jpg
203,https://live.staticflickr.com/817/27545794608_39197822e7_o.png
204,https://live.staticflickr.com/3905/14866909804_534bf547fc_o.jpg
205,https://live.staticflickr.com/7388/26860615151_2785f61f3b_o.jpg
206,
207,https://live.staticflickr.com/65535/48510414387_6f2b72ee48_o.jpg
208,https://live.staticflickr.com/4116/35428774802_56f203b011_o.jpg
209,https://live.staticflickr.com/3391/3473747739_012bbcfe08_o.jpg
210,https://live.staticflickr.com/7906/32154693527_7f64ef8871_o.png
211,https://live.staticflickr.com/1857/30427794598_c79d6dc300_o.jpg
212,https://live.staticflickr.com/7808/33682230988_9cf756d64f_o.jpg
213,https://live.staticflickr.com/3849/14675656678_c78650d8f9_o.jpg
214,
215,https://live.staticflickr.com/8537/8691606145_df071d8a0f_o.png
216,https://live.staticflickr.com/8608/15443924354_6894bdefb3_o.jpg
217,https://live.staticflickr.com/8608/16857286932_854a2fd8ef_o.jpg
218,https://live.staticflickr.com/7487/16040447436_613b842f55_o.jpg
219,https://live.staticflickr.com/4204/34539753920_005cb00a4d_o.png
220,https://live.staticflickr.com/7589/16651141957_61749d0097_o.jpg
221,https://live.staticflickr.com/5326/17792712912_590b101268_o.jpg
222,https://live.staticflickr.com/8322/28671833644_ae01de780c_o.jpg
223,https://live.staticflickr.com/7581/15772191357_585d1b69a7_o.jpg
224,https://live.staticflickr.com/7609/16857402791_6def5fdd08_o.jpg
225,https://live.staticflickr.com/1608/26083542874_8bed50e72c_o.jpg
226,https://live.staticflickr.com/8384/8479258127_8efe24bd0a_o.jpg
227,https://live.staticflickr.com/3763/10677644464_d99b1d34af_o.jpg
228,https://live.staticflickr.com/5487/10336270144_7525dc6d29_o.jpg
229,https://live.staticflickr.com/7340/10677572575_14d2abb065_o.jpg
230,https://live.staticflickr.com/5338/17606031586_26478d5964_o.jpg
231,https://live.staticflickr.com/5489/10677839893_49892d49bb_o.jpg
232,https://live.staticflickr.com/8682/16624683802_b9b97d7d2e_o.jpg
233,https://live.staticflickr.com/8493/8329360560_bfd451e8f9_o.jpg
234,https://live.staticflickr.com/7177/27716067982_90e367959d_o.jpg
235,https://live.staticflickr.com/638/31384989292_4412bf4b21_o.png
236,https://live.staticflickr.com/7564/16064298041_e034385606_o.jpg
237,https://live.staticflickr.com/8595/16064297611_7d8567ef9f_o.jpg
238,https://live.staticflickr.com/5537/10677635414_125dc99b8e_o.jpg
239,https://live.staticflickr.com/4345/36881268125_b7546cda3f_o.jpg
240,https://live.staticflickr.com/8512/8479258627_252ef14c18_o.jpg
241,https://live.staticflickr.com/7384/10140580184_84f1ca0578_o.jpg
242,https://live.staticflickr.com/3915/14903344156_90455b2581_o.jpg
243,
244,
245,https://live.staticflickr.com/8835/18277930896_e9c95b8689_o.jpg
246,https://live.staticflickr.com/8869/28293877950_5ac8a0ceaf_o.jpg
247,https://live.staticflickr.com/7018/6838628613_ed32ee3ef0_o.png
248,https://live.staticflickr.com/336/19770079196_25f638a8f0_o.jpg
249,https://live.staticflickr.com/775/20775615464_40e9ed5a69_o.png
250,
251,https://live.staticflickr.com/7726/17821130622_9a96077928_o.jpg
252,https://live.staticflickr.com/7495/16071838762_eecefd8c8e_o.jpg
253,https://live.staticflickr.com/7508/15658779240_c44afa69c3_o.jpg
254,https://live.staticflickr.com/8352/8436761936_edd1480de5_o.png
255,https://live.staticflickr.com/5343/17636908310_6431326483_o.png
256,https://live.staticflickr.com/5614/15792876436_d51baccd40_o.jpg
257,https://live.staticflickr.com/4742/40132500242_640835477d_o.jpg
258,https://live.staticflickr.com/1571/24026945300_bbd1edaa5d_o.jpg
259,https://live.staticflickr.com/2807/9450400775_06ab7ef675_o.jpg
260,https://live.staticflickr.com/7441/13401935513_5f787b52c5_o.jpg
261,
262,
263,https://live.staticflickr.com/7190/6787228286_d00fc3f007_o.jpg
264,https://live.staticflickr.com/4783/40862987071_811181aa78_o.jpg
265,
266,https://live.staticflickr.com/4602/40483205041_7fc732a531_o.jpg
267,https://live.staticflickr.com/2811/33065702444_1379dd4040_o.jpg
268,https://live.staticflickr.com/7466/16087353425_5dc2a365c3_o.jpg
269,https://live.staticflickr.com/8365/8501380192_dee4bdf9f9_o.jpg
270,https://live.staticflickr.com/4867/46371872502_663071a3d9_o.jpg
271,https://live.staticflickr.com/8235/8434284915_f51756dd87_o.png
272,https://live.staticflickr.com/5694/22736031694_e795d34bb8_o.jpg
273,https://live.staticflickr.com/7859/32270267927_11f51d745f_o.jpg
274,https://live.staticflickr.com/929/29795424278_f5d4efe9ea_o.png
275,https://live.staticflickr.com/5329/17009788484_914f63bc81_o.jpg
276,https://live.staticflickr.com/8783/17444716640_1bf6bf4db2_o.jpg
277,https://live.staticflickr.com/8868/17009785854_c06fcffed1_o.jpg
278,
279,
280,https://live.staticflickr.com/7309/26543315244_9606707a8c_o.jpg
281,https://live.staticflickr.com/8238/8479259169_b2433699ac_o.jpg
282,https://live.staticflickr.com/2438/3991988471_01263e524c_o.jpg
283,https://live.staticflickr.com/5328/9343828079_b88928569a_o.jpg
284,https://live.staticflickr.com/8088/28671971534_44f640ee89_o.jpg
285,https://live.staticflickr.com/8126/8658392668_e38e2076cc_o.jpg
286,https://live.staticflickr.com/2903/14624821547_b3554fb694_o.jpg
287,https://live.staticflickr.com/7250/13854963004_6d0f6215a1_o.jpg
288,
289,https://live.staticflickr.com/5449/9346233430_ef9612953d_o.jpg
290,https://live.staticflickr.com/4244/34926810645_91e60b259a_o.jpg
291,
292,https://live.staticflickr.com/4273/34926862365_57234cf2bd_o.jpg
293,
294,
295,https://live.staticflickr.com/2938/33455895820_72acc7f3c4_o.jpg
296,
297,https://live.staticflickr.com/8524/8479023833_a0a0e42f77_o.jpg
298,https://live.staticflickr.com/2861/13124206595_10e1edd98a_o.jpg
299,https://live.staticflickr.com/8100/8479257737_55b5e895e4_o.jpg
300,https://live.staticflickr.com/3672/9464419757_37eb6cfe66_o.jpg
301,
302,https://live.staticflickr.com/4376/36649729550_098d082218_o.jpg
303,https://live.staticflickr.com/7200/6933346633_5cbfdf2cd9_o.jpg
304,https://live.staticflickr.com/7295/9057174662_debbcbf078_o.jpg
305,https://live.staticflickr.com/7693/17077537899_14429528bd_o.jpg
306,https://live.staticflickr.com/3839/14286937498_d7b917cb9d_o.jpg
307,https://live.staticflickr.com/8779/16641295184_a9a0f68615_o.jpg
308,https://live.staticflickr.com/5826/30683177921_bf26e696c9_o.jpg
309,https://live.staticflickr.com/4194/34337693942_e75f745216_o.jpg
310,
311,https://live.staticflickr.com/5517/9202041879_0e95138abc_o.jpg
312,https://live.staticflickr.com/65535/48112589768_444b3f9ef4_o.jpg
313,https://live.staticflickr.com/2891/9204824760_fdce366473_o.jpg
314,https://live.staticflickr.com/7765/27042638966_486d7ac7ea_o.jpg
315,https://live.staticflickr.com/3564/3362805681_9b454a37de_o.jpg
316,https://live.staticflickr.com/7738/17150254287_f709defde4_o.jpg
317,https://live.staticflickr.com/458/20245971750_a32541102f_o.png
318,https://live.staticflickr.com/3890/14472346004_b4da0e927a_o.jpg
319,https://live.staticflickr.com/2910/14286893749_9e8d037fd5_o.jpg
320,https://live.staticflickr.com/3904/14286907950_ff11f1693a_o.jpg
321,https://live.staticflickr.com/7084/26794780584_73176f76b5_o.jpg
322,https://live.staticflickr.com/7560/15347397933_529ba36154_o.jpg
323,https://live.staticflickr.com/3757/9300529105_0c8b9f10b8_o.jpg
324,https://live.staticflickr.com/8381/8480347988_8e4e0eda0a_o.jpg
325,https://live.staticflickr.com/8081/29298669752_eb5d47c758_o.png
326,
327,https://live.staticflickr.com/4126/4974507486_842aa59aa0_o.jpg
328,https://live.staticflickr.com/941/39804538710_54a26e985a_o.jpg
329,
330,https://live.staticflickr.com/5755/21056672390_206a5fe154_o.jpg
331,https://live.staticflickr.com/8181/8009643985_682106c14b_o.jpg
332,https://live.staticflickr.com/1662/26083552124_836c9bef83_o.jpg
333,https://live.staticflickr.com/7513/16312948715_9c1a78c91d_o.jpg
334,https://live.staticflickr.com/1509/26054416681_0546603469_o.png
335,https://live.staticflickr.com/3910/14688488361_5650e78c16_o.jpg
336,
337,
338,
339,
340,
341,
342,https://live.staticflickr.com/7141/6394024571_1d73fdf844_o.jpg
343,https://live.staticflickr.com/4368/36525207140_d7006f6c73_o.jpg
344,
345,
346,https://live.staticflickr.com/4537/37738341385_9867aa70ca_o.jpg
347,https://live.staticflickr.com/624/20649312383_7eaa35ebbc_o.jpg
348,https://live.staticflickr.com/8113/8609106475_9abb00a646_o.jpg
349,https://live.staticflickr.com/3942/15304321708_ed9f3a942a_o.jpg
350,https://live.staticflickr.com/2860/9677560583_68e18bd9ee_o.jpg
351,https://live.staticflickr.com/791/40728395714_08b7e020c9_o.jpg
352,https://live.staticflickr.com/8229/8512201085_2eb87e18b6_o.jpg
353,https://live.staticflickr.com/5600/15531955577_3086c9f46c_o.jpg
354,https://live.staticflickr.com/2901/14797670591_e7e293366d_o.jpg
355,https://live.staticflickr.com/4627/40440385052_1773145a23_o.jpg
356,https://live.staticflickr.com/4038/4188709240_aff6386cea_o.jpg
357,
358,https://live.staticflickr.com/5734/21737890701_7fd8acb010_o.jpg
359,https://live.staticflickr.com/3895/15157390888_4c4aa43727_o.jpg
360,https://live.staticflickr.com/8253/15186298204_930524281d_o.jpg
361,https://live.staticflickr.com/7474/15839085680_50c8af3a9d_o.jpg
362,https://live.staticflickr.com/3933/15449159502_a884335de8_o.jpg
363,https://live.staticflickr.com/5588/15059409910_3827534b7c_o.jpg
364,https://live.staticflickr.com/5566/15059546618_17a47df4ab_o.jpg
365,https://live.staticflickr.com/7550/15968041338_0b89845b93_o.jpg
366,https://live.staticflickr.com/5573/15059416110_ea7f979976_o.jpg
367,https://live.staticflickr.com/3841/15059534247_55a3c394cd_o.jpg
368,https://live.staticflickr.com/3885/15059407260_d7e4794d43_o.jpg
369,https://live.staticflickr.com/3917/15059532097_c4f54a74b2_o.jpg
370,https://live.staticflickr.com/3871/15059405070_302ac6b4ab_o.jpg
371,https://live.staticflickr.com/396/31018793893_7f0e1fd922_o.jpg
372,https://live.staticflickr.com/1553/23693074540_c18bd4b0de_o.jpg
373,https://live.staticflickr.com/7382/13554092324_0aaf139a7a_o.jpg
374,https://live.staticflickr.com/3679/9668073025_b37e63c248_o.jpg
375,https://live.staticflickr.com/8573/16457931960_2d86111f19_o.jpg
376,https://live.staticflickr.com/622/22915308330_a5568f0c24_o.jpg
377,https://live.staticflickr.com/8589/16019088460_49d65ab220_o.png
378,https://live.staticflickr.com/5649/20970704500_8e9c271d13_o.jpg
379,
380,https://live.staticflickr.com/8243/8487588435_eccbc25955_o.jpg
381,
382,https://live.staticflickr.com/2836/12392462713_27f15553aa_o.png
383,https://live.staticflickr.com/7380/16195193629_a49433163c_o.jpg
384,https://live.staticflickr.com/7107/7582340238_31337a75e3_o.jpg
385,https://live.staticflickr.com/3696/9682124468_1423832d37_o.jpg
386,https://live.staticflickr.com/2917/14381170881_018a94ff97_o.jpg
387,https://live.staticflickr.com/4217/35768215816_3463661db6_o.jpg
388,https://live.staticflickr.com/885/39769045580_ced38af565_o.jpg
389,https://live.staticflickr.com/146/31493494875_bbf58a59f6_o.jpg
390,https://live.staticflickr.com/529/32100829375_6f906a4219_o.jpg
391,https://live.staticflickr.com/8093/8534588978_74e9db01be_o.jpg
392,https://live.staticflickr.com/8495/8353661535_b4e015cf48_o.jpg
393,
394,https://live.staticflickr.com/7438/14129397085_bf8d2658dc_o.jpg
395,https://live.staticflickr.com/8607/15886559785_45bd2ce1b4_o.png
396,https://live.staticflickr.com/8568/15700809327_876f8a4ef6_o.png
397,https://live.staticflickr.com/8249/8660407675_99a5e2393b_o.jpg
398,
399,
400,https://live.staticflickr.com/7256/27096967091_e2653624b5_o.jpg
401,https://live.staticflickr.com/7548/15231482234_08a4161e48_o.jpg
402,https://live.staticflickr.com/7508/15700534219_809d151609_o.png
403,https://live.staticflickr.com/8640/15699068348_547d7e34eb_o.png
404,https://live.staticflickr.com/7551/15266931413_b9e539bd9c_o.png
405,https://live.staticflickr.com/8892/18516776152_23aac2f867_o.jpg
406,https://live.staticflickr.com/623/31319406003_b20d339fd9_o.jpg
407,https://live.staticflickr.com/3848/15343982615_bd477ba7f5_o.jpg
408,https://live.staticflickr.com/3933/15389633048_051b87162a_o.jpg
409,https://live.staticflickr.com/7574/15934542400_5f577b951c_o.jpg
410,https://live.staticflickr.com/5481/14493657623_2feaaba096_o.jpg
411,https://live.staticflickr.com/7646/16795109317_91ccab9cdc_o.png
412,https://live.staticflickr.com/7583/15683174413_2a3b613889_o.jpg
413,
414,https://live.staticflickr.com/3933/15426424766_67d2ef91ea_o.jpg
415,https://live.staticflickr.com/8513/8539219849_0691d36cff_o.png
416,
417,https://live.staticflickr.com/3882/15157436227_e7675d896d_o.jpg
418,https://live.staticflickr.com/7501/15510868673_f092785d85_o.jpg
419,https://live.staticflickr.com/8300/29290925825_ef02f26ba4_o.jpg
420,https://live.staticflickr.com/5516/9204826696_8cab26c54c_o.jpg
421,https://live.staticflickr.com/4409/35572531763_e393dbd457_o.jpg
422,https://live.staticflickr.com/3855/15157428597_4bcd915a43_o.jpg
423,
424,https://live.staticflickr.com/271/32708701942_c807fb0b97_o.png
425,
426,https://live.staticflickr.com/2880/33118951354_b0192238b8_o.gif
427,
428,https://live.staticflickr.com/3930/15430076812_9f3d8b0f52_o.jpg
429,https://live.staticflickr.com/7574/15699266020_b12589609c_o.png
430,https://live.staticflickr.com/7532/16117339297_47ddf040a5_o.jpg
431,https://live.staticflickr.com/360/31994608216_733d4e74d5_o.jpg
432,https://live.staticflickr.com/6114/6248052556_2844dd1d75_o.jpg
433,https://live.staticflickr.com/7359/13350769844_7ace48ef6f_o.jpg
434,
435,https://live.staticflickr.com/7534/15699267710_a70a265d73_o.png
436,https://live.staticflickr.com/5645/30163187773_1838c0ffc1_o.jpg
437,
438,https://live.staticflickr.com/2856/9716090109_ce58918576_o.png
439,https://live.staticflickr.com/8584/15700532549_46340e8647_o.png
440,
441,https://live.staticflickr.com/1963/30334971047_b957e4bb78_o.png
442,
443,https://live.staticflickr.com/1907/31399511558_7e68d44f98_o.png
444,
445,https://live.staticflickr.com/1901/30334959657_dd112c0244_o.png
446,https://live.staticflickr.com/7578/15700813227_61c0dd32fb_o.png
447,https://live.staticflickr.com/2903/14506062349_6cc93806e4_o.jpg
448,https://live.staticflickr.com/2853/12100849033_5a5e93de61_o.jpg
449,
450,
451,https://live.staticflickr.com/407/20279738819_d759f6c8af_o.jpg
452,https://live.staticflickr.com/7486/16235973971_1cbbf8c85f_o.jpg
453,
454,https://live.staticflickr.com/2943/15343666082_d91cd07982_o.jpg
455,https://live.staticflickr.com/2944/15340787511_9593fc4392_o.jpg
456,https://live.staticflickr.com/8597/16049663721_d10a3c2eec_o.jpg
457,https://live.staticflickr.com/7510/16112944082_9529192bb2_o.jpg
458,https://live.staticflickr.com/3901/15320941826_69fedecc8e_o.jpg
459,https://live.staticflickr.com/8270/30234130861_d9d7c84f22_o.png
460,https://live.staticflickr.com/3906/15320926756_d69131f3e7_o.jpg
461,https://live.staticflickr.com/7464/16070469509_bb8f6603e9_o.jpg
462,https://live.staticflickr.com/3838/15320939316_b699cd233e_o.jpg
463,https://live.staticflickr.com/5655/23843206622_1e0f211efd_o.jpg
464,https://live.staticflickr.com/4421/36244014391_5b19881f7b_o.jpg
465,
466,https://live.staticflickr.com/5572/14347255795_887119d8f0_o.jpg
467,https://live.staticflickr.com/3892/15343650712_30f42d2819_o.jpg
468,https://live.staticflickr.com/3778/9461928210_47c462be2d_o.jpg
469,https://live.staticflickr.com/8385/8512190315_ed2085409f_o.jpg
470,https://live.staticflickr.com/4358/36859375630_9192576f9b_o.jpg
471,https://live.staticflickr.com/1334/5101386027_e8c023fae0_o.jpg
472,https://live.staticflickr.com/7769/26911366475_6398986ba3_o.jpg
473,
474,https://live.staticflickr.com/3819/13350525743_143b273021_o.jpg
475,https://live.staticflickr.com/7216/26878112956_d1bdc2a738_o.jpg
476,https://live.staticflickr.com/5726/23670146340_fdf1c46644_o.jpg
477,https://live.staticflickr.com/3771/13350721954_d6ac130213_o.jpg
478,https://live.staticflickr.com/7480/15884589711_918b4752c8_o.png
479,https://live.staticflickr.com/7142/6388679583_85581217ae_o.png
480,https://live.staticflickr.com/7372/13124489224_09b5aa7104_o.jpg
481,https://live.staticflickr.com/1950/31399169118_6a7e9fb08c_o.png
482,https://live.staticflickr.com/2817/13350365345_8ddf7bef3c_o.jpg
483,https://live.staticflickr.com/7485/15586592503_3b4a620cf7_o.png
484,https://live.staticflickr.com/5350/7114967811_9d8056a3ea_o.jpg
485,
486,https://live.staticflickr.com/3674/9881781845_8dd657f421_o.jpg
487,https://live.staticflickr.com/5325/9842642506_9217c85e2d_o.jpg
488,https://live.staticflickr.com/8131/8704873870_6995378c88_o.jpg
489,https://live.staticflickr.com/8316/7948737690_039074ae77_o.jpg
490,https://live.staticflickr.com/2893/10501667534_ba1b406785_o.jpg
491,https://live.staticflickr.com/7335/13124206555_339f249c3b_o.jpg
492,
493,
494,
495,
496,https://live.staticflickr.com/915/41322603670_393461c9be_o.png
497,https://live.staticflickr.com/2811/13350760264_d4973e2593_o.jpg
498,
499,
